year,county,temp_lo_F,temp_hi_F,temp_avg_F,precip_1wk_inches,precip_1wk_days
2007,KENNEBEC,38.0,84.0,52.0,0.99,3.0
2007,PENOBSCOT,27.0,83.0,51.0,0.26,2.0
2007,OXFORD,26.0,82.0,48.0,0.38,2.0
2007,AROOSTOOK,26.0,77.0,45.0,0.15,2.0
2007,PISCATAQUIS,25.0,81.0,46.0,0.26,2.0
2007,AROOSTOOK,27.0,71.0,44.0,0.28,2.0
2007,AROOSTOOK,21.0,79.0,47.0,0.3,2.0
2007,ANDROSCOGGIN,23.0,83.0,47.0,0.69,3.0
2007,PISCATAQUIS,21.0,78.0,41.0,0.28,2.0
2007,CUMBERLAND,30.0,81.0,52.0,0.75,3.0
2007,KENNEBEC,37.0,62.0,49.0,0.45,3.0
2007,PENOBSCOT,35.0,61.0,47.0,0.62,3.0
2007,OXFORD,34.0,61.0,47.0,0.48,3.0
2007,AROOSTOOK,31.0,54.0,41.0,0.29,2.0
2007,PISCATAQUIS,32.0,59.0,44.0,0.62,2.0
2007,AROOSTOOK,30.0,51.0,40.0,0.26,3.0
2007,AROOSTOOK,29.0,54.0,41.0,0.26,3.0
2007,ANDROSCOGGIN,27.0,61.0,46.0,0.38,2.0
2007,PISCATAQUIS,28.0,55.0,40.0,0.54,2.0
2007,CUMBERLAND,37.0,65.0,50.0,0.24,1.0
2007,KENNEBEC,35.0,86.0,59.0,0.43,1.0
2007,PENOBSCOT,31.0,87.0,58.0,0.36,1.0
2007,OXFORD,30.0,86.0,59.0,0.16,1.0
2007,AROOSTOOK,29.0,84.0,57.0,0.33,1.0
2007,PISCATAQUIS,33.0,86.0,57.0,0.2,1.0
2007,AROOSTOOK,34.0,81.0,57.0,0.01,1.0
2007,AROOSTOOK,27.0,87.0,57.0,0.2,1.0
2007,ANDROSCOGGIN,27.0,86.0,57.0,0.12,1.0
2007,PISCATAQUIS,24.0,83.0,53.0,0.34,1.0
2007,CUMBERLAND,35.0,81.0,58.0,0.33,1.0
2007,KENNEBEC,37.0,70.0,49.0,1.73,6.0
2007,PENOBSCOT,32.0,69.0,49.0,2.59,6.0
2007,OXFORD,29.0,71.0,47.0,1.99,4.0
2007,AROOSTOOK,28.0,63.0,46.0,0.92,6.0
2007,PISCATAQUIS,30.0,64.0,45.0,2.09,6.0
2007,AROOSTOOK,31.0,59.0,45.0,0.36,4.0
2007,AROOSTOOK,24.0,63.0,45.0,1.53,6.0
2007,ANDROSCOGGIN,30.0,70.0,48.0,1.6,5.0
2007,PISCATAQUIS,28.0,66.0,43.0,1.68,5.0
2007,CUMBERLAND,34.0,73.0,51.0,1.65,6.0
2007,KENNEBEC,36.0,91.0,61.0,0.09,1.0
2007,PENOBSCOT,33.0,92.0,58.0,0.07,1.0
2007,OXFORD,32.0,89.0,58.0,0.52,1.0
2007,AROOSTOOK,31.0,91.0,56.0,0.41,1.0
2007,PISCATAQUIS,32.0,91.0,56.0,0.25,1.0
2007,AROOSTOOK,30.0,88.0,55.0,0.62,2.0
2007,AROOSTOOK,26.0,91.0,54.0,0.11,1.0
2007,ANDROSCOGGIN,29.0,90.0,58.0,0.13,1.0
2007,PISCATAQUIS,27.0,91.0,55.0,0.49,1.0
2007,CUMBERLAND,39.0,92.0,60.0,0.04,1.0
2007,KENNEBEC,50.0,81.0,65.0,0.91,5.0
2007,PENOBSCOT,43.0,78.0,63.0,0.28,4.0
2007,OXFORD,47.0,78.0,61.0,1.04,3.0
2007,AROOSTOOK,42.0,77.0,57.0,1.17,2.0
2007,PISCATAQUIS,42.0,77.0,60.0,0.37,3.0
2007,AROOSTOOK,40.0,74.0,56.0,0.51,2.0
2007,AROOSTOOK,36.0,73.0,57.0,0.58,2.0
2007,ANDROSCOGGIN,43.0,79.0,62.0,0.51,5.0
2007,PISCATAQUIS,40.0,73.0,58.0,0.9,4.0
2007,CUMBERLAND,49.0,81.0,64.0,0.72,4.0
2007,KENNEBEC,42.0,75.0,58.0,1.17,4.0
2007,PENOBSCOT,43.0,74.0,59.0,1.44,2.0
2007,OXFORD,36.0,78.0,56.0,3.36,4.0
2007,AROOSTOOK,37.0,74.0,58.0,0.97,3.0
2007,PISCATAQUIS,42.0,79.0,57.0,0.86,3.0
2007,AROOSTOOK,39.0,73.0,56.0,1.74,3.0
2007,AROOSTOOK,33.0,79.0,59.0,0.63,3.0
2007,ANDROSCOGGIN,34.0,78.0,55.0,1.63,4.0
2007,PISCATAQUIS,39.0,78.0,55.0,0.9,4.0
2007,CUMBERLAND,40.0,70.0,57.0,2.76,3.0
2007,KENNEBEC,46.0,81.0,65.0,0.0,0.0
2007,PENOBSCOT,43.0,84.0,65.0,0.0,0.0
2007,OXFORD,48.0,84.0,64.0,0.0,0.0
2007,AROOSTOOK,45.0,86.0,67.0,0.0,0.0
2007,PISCATAQUIS,43.0,84.0,64.0,0.0,0.0
2007,AROOSTOOK,45.0,84.0,66.0,0.0,0.0
2007,AROOSTOOK,38.0,82.0,64.0,0.05,1.0
2007,ANDROSCOGGIN,42.0,83.0,64.0,0.0,0.0
2007,PISCATAQUIS,41.0,83.0,62.0,0.0,0.0
2007,CUMBERLAND,45.0,82.0,63.0,0.1,2.0
2007,KENNEBEC,53.0,82.0,65.0,0.15,4.0
2007,PENOBSCOT,45.0,84.0,65.0,0.47,4.0
2007,OXFORD,48.0,80.0,63.0,0.42,3.0
2007,AROOSTOOK,43.0,79.0,61.0,0.8,4.0
2007,PISCATAQUIS,45.0,81.0,60.0,0.06,2.0
2007,AROOSTOOK,46.0,78.0,59.0,0.9,4.0
2007,AROOSTOOK,37.0,81.0,60.0,0.91,5.0
2007,ANDROSCOGGIN,43.0,82.0,63.0,0.29,4.0
2007,PISCATAQUIS,40.0,83.0,59.0,0.47,4.0
2007,CUMBERLAND,51.0,86.0,66.0,0.0,0.0
2007,KENNEBEC,52.0,93.0,71.0,0.28,1.0
2007,PENOBSCOT,43.0,92.0,68.0,0.2,2.0
2007,OXFORD,48.0,91.0,67.0,0.59,2.0
2007,AROOSTOOK,43.0,80.0,62.0,0.67,6.0
2007,PISCATAQUIS,44.0,89.0,65.0,0.88,3.0
2007,AROOSTOOK,45.0,77.0,60.0,2.34,5.0
2007,AROOSTOOK,38.0,85.0,62.0,1.28,6.0
2007,ANDROSCOGGIN,42.0,95.0,66.0,0.08,1.0
2007,PISCATAQUIS,42.0,84.0,62.0,0.82,3.0
2007,CUMBERLAND,50.0,94.0,71.0,0.05,2.0
2007,KENNEBEC,50.0,82.0,66.0,0.65,5.0
2007,PENOBSCOT,44.0,81.0,64.0,0.45,5.0
2007,OXFORD,47.0,79.0,63.0,0.17,2.0
2007,AROOSTOOK,40.0,77.0,60.0,0.76,6.0
2007,PISCATAQUIS,44.0,78.0,61.0,0.22,3.0
2007,AROOSTOOK,43.0,73.0,59.0,0.8,6.0
2007,AROOSTOOK,37.0,77.0,59.0,1.11,6.0
2007,ANDROSCOGGIN,39.0,82.0,62.0,0.26,2.0
2007,PISCATAQUIS,39.0,75.0,57.0,0.54,6.0
2007,CUMBERLAND,49.0,79.0,65.0,0.75,3.0
2007,KENNEBEC,52.0,80.0,66.0,0.69,5.0
2007,PENOBSCOT,46.0,83.0,66.0,0.29,3.0
2007,OXFORD,48.0,80.0,63.0,0.64,3.0
2007,AROOSTOOK,43.0,77.0,64.0,1.14,4.0
2007,PISCATAQUIS,45.0,81.0,62.0,0.66,4.0
2007,AROOSTOOK,46.0,75.0,63.0,1.24,5.0
2007,AROOSTOOK,40.0,79.0,64.0,0.95,4.0
2007,ANDROSCOGGIN,44.0,81.0,64.0,0.89,4.0
2007,PISCATAQUIS,41.0,82.0,61.0,1.69,5.0
2007,CUMBERLAND,53.0,81.0,67.0,1.38,3.0
2007,KENNEBEC,57.0,83.0,67.0,0.71,4.0
2007,PENOBSCOT,51.0,85.0,66.0,2.26,5.0
2007,OXFORD,51.0,82.0,65.0,1.05,4.0
2007,AROOSTOOK,50.0,78.0,64.0,1.47,5.0
2007,PISCATAQUIS,48.0,79.0,63.0,0.36,5.0
2007,AROOSTOOK,50.0,80.0,64.0,0.81,3.0
2007,AROOSTOOK,47.0,80.0,65.0,0.85,5.0
2007,ANDROSCOGGIN,49.0,84.0,65.0,1.63,4.0
2007,PISCATAQUIS,46.0,80.0,62.0,1.91,5.0
2007,CUMBERLAND,55.0,81.0,68.0,2.24,3.0
2007,KENNEBEC,57.0,90.0,74.0,0.11,3.0
2007,PENOBSCOT,53.0,91.0,73.0,0.01,1.0
2007,OXFORD,51.0,89.0,70.0,0.03,2.0
2007,AROOSTOOK,48.0,90.0,74.0,0.14,1.0
2007,PISCATAQUIS,51.0,87.0,68.0,0.06,1.0
2007,AROOSTOOK,50.0,86.0,72.0,2.09,1.0
2007,AROOSTOOK,47.0,89.0,73.0,1.7,1.0
2007,ANDROSCOGGIN,52.0,90.0,72.0,0.0,0.0
2007,PISCATAQUIS,50.0,87.0,69.0,1.06,2.0
2007,CUMBERLAND,57.0,86.0,72.0,0.27,2.0
2007,KENNEBEC,55.0,84.0,68.0,1.22,3.0
2007,PENOBSCOT,49.0,84.0,66.0,0.94,3.0
2007,OXFORD,47.0,83.0,64.0,1.28,3.0
2007,AROOSTOOK,46.0,82.0,63.0,0.64,2.0
2007,PISCATAQUIS,47.0,84.0,63.0,0.26,2.0
2007,AROOSTOOK,48.0,77.0,61.0,1.1,2.0
2007,AROOSTOOK,42.0,83.0,64.0,0.98,3.0
2007,ANDROSCOGGIN,45.0,83.0,65.0,1.95,3.0
2007,PISCATAQUIS,44.0,78.0,61.0,1.44,2.0
2007,CUMBERLAND,53.0,84.0,68.0,2.86,3.0
2007,KENNEBEC,53.0,86.0,66.0,0.84,6.0
2007,PENOBSCOT,48.0,85.0,65.0,0.51,5.0
2007,OXFORD,48.0,85.0,64.0,0.33,2.0
2007,AROOSTOOK,43.0,81.0,60.0,0.11,5.0
2007,PISCATAQUIS,48.0,82.0,62.0,0.52,4.0
2007,AROOSTOOK,43.0,77.0,59.0,0.37,4.0
2007,AROOSTOOK,43.0,82.0,60.0,0.26,4.0
2007,ANDROSCOGGIN,41.0,87.0,63.0,1.24,5.0
2007,PISCATAQUIS,41.0,78.0,59.0,0.7,6.0
2007,CUMBERLAND,50.0,82.0,67.0,0.29,3.0
2007,KENNEBEC,46.0,89.0,65.0,0.24,3.0
2007,PENOBSCOT,41.0,86.0,63.0,0.28,3.0
2007,OXFORD,39.0,89.0,62.0,0.21,2.0
2007,AROOSTOOK,38.0,74.0,60.0,0.82,3.0
2007,PISCATAQUIS,40.0,83.0,59.0,0.69,3.0
2007,AROOSTOOK,41.0,70.0,58.0,1.22,3.0
2007,AROOSTOOK,36.0,76.0,61.0,1.15,3.0
2007,ANDROSCOGGIN,37.0,91.0,62.0,0.41,2.0
2007,PISCATAQUIS,35.0,84.0,59.0,3.27,3.0
2007,CUMBERLAND,43.0,88.0,65.0,0.01,1.0
2007,KENNEBEC,49.0,86.0,68.0,0.43,3.0
2007,PENOBSCOT,43.0,84.0,66.0,0.46,2.0
2007,OXFORD,42.0,89.0,65.0,0.63,2.0
2007,AROOSTOOK,44.0,82.0,61.0,0.55,2.0
2007,PISCATAQUIS,45.0,86.0,63.0,0.33,3.0
2007,AROOSTOOK,42.0,80.0,60.0,0.48,2.0
2007,AROOSTOOK,39.0,82.0,62.0,1.54,3.0
2007,ANDROSCOGGIN,39.0,89.0,64.0,1.2,2.0
2007,PISCATAQUIS,42.0,83.0,61.0,0.64,2.0
2007,CUMBERLAND,47.0,84.0,67.0,0.07,1.0
2007,KENNEBEC,44.0,91.0,67.0,0.0,0.0
2007,PENOBSCOT,39.0,89.0,65.0,0.0,0.0
2007,OXFORD,39.0,89.0,62.0,0.14,1.0
2007,AROOSTOOK,34.0,85.0,61.0,0.0,0.0
2007,PISCATAQUIS,44.0,84.0,60.0,0.0,0.0
2007,AROOSTOOK,38.0,83.0,59.0,0.05,1.0
2007,AROOSTOOK,33.0,85.0,61.0,0.0,0.0
2007,ANDROSCOGGIN,38.0,91.0,62.0,0.33,1.0
2007,PISCATAQUIS,36.0,89.0,59.0,0.0,0.0
2007,CUMBERLAND,44.0,92.0,68.0,0.07,1.0
2007,KENNEBEC,44.0,70.0,59.0,1.83,5.0
2007,PENOBSCOT,38.0,70.0,58.0,0.91,4.0
2007,OXFORD,40.0,71.0,56.0,1.54,4.0
2007,AROOSTOOK,34.0,70.0,54.0,0.91,6.0
2007,PISCATAQUIS,36.0,70.0,54.0,0.77,3.0
2007,AROOSTOOK,35.0,68.0,53.0,1.04,5.0
2007,AROOSTOOK,32.0,70.0,55.0,0.52,4.0
2007,ANDROSCOGGIN,35.0,70.0,56.0,1.61,5.0
2007,PISCATAQUIS,35.0,70.0,53.0,1.27,5.0
2007,CUMBERLAND,40.0,71.0,58.0,1.86,5.0
2007,KENNEBEC,39.0,79.0,59.0,0.0,0.0
2007,PENOBSCOT,33.0,79.0,58.0,0.0,0.0
2007,OXFORD,33.0,79.0,56.0,0.0,0.0
2007,AROOSTOOK,32.0,76.0,57.0,0.0,0.0
2007,PISCATAQUIS,32.0,75.0,56.0,0.0,0.0
2007,AROOSTOOK,39.0,77.0,57.0,0.0,0.0
2007,AROOSTOOK,30.0,78.0,56.0,0.0,0.0
2007,ANDROSCOGGIN,32.0,79.0,55.0,0.0,0.0
2007,PISCATAQUIS,31.0,78.0,54.0,0.0,0.0
2007,CUMBERLAND,38.0,73.0,57.0,0.0,0.0
2007,KENNEBEC,40.0,91.0,66.0,1.5,3.0
2007,PENOBSCOT,33.0,91.0,65.0,0.73,1.0
2007,OXFORD,38.0,88.0,63.0,0.43,2.0
2007,AROOSTOOK,31.0,83.0,57.0,1.16,3.0
2007,PISCATAQUIS,32.0,84.0,60.0,0.0,0.0
2007,AROOSTOOK,32.0,78.0,55.0,0.95,2.0
2007,AROOSTOOK,27.0,85.0,60.0,0.23,2.0
2007,ANDROSCOGGIN,33.0,90.0,62.0,0.27,2.0
2007,PISCATAQUIS,31.0,86.0,60.0,0.57,2.0
2007,CUMBERLAND,46.0,90.0,67.0,1.29,2.0
2007,KENNEBEC,46.0,80.0,61.0,0.58,3.0
2007,PENOBSCOT,40.0,79.0,59.0,0.05,1.0
2007,OXFORD,38.0,80.0,57.0,0.25,1.0
2007,AROOSTOOK,35.0,76.0,55.0,0.0,0.0
2007,PISCATAQUIS,34.0,77.0,55.0,0.16,2.0
2007,AROOSTOOK,33.0,74.0,54.0,0.0,0.0
2007,AROOSTOOK,33.0,78.0,56.0,0.0,0.0
2007,ANDROSCOGGIN,33.0,81.0,56.0,0.4,1.0
2007,PISCATAQUIS,32.0,79.0,54.0,0.24,1.0
2007,CUMBERLAND,44.0,81.0,60.0,0.27,1.0
2007,KENNEBEC,40.0,60.0,52.0,2.65,5.0
2007,PENOBSCOT,40.0,62.0,51.0,2.51,6.0
2007,OXFORD,39.0,66.0,50.0,2.13,6.0
2007,AROOSTOOK,35.0,59.0,47.0,1.55,3.0
2007,PISCATAQUIS,34.0,59.0,49.0,1.45,2.0
2007,AROOSTOOK,32.0,57.0,45.0,0.95,4.0
2007,AROOSTOOK,29.0,59.0,48.0,1.81,5.0
2007,ANDROSCOGGIN,36.0,62.0,50.0,2.96,4.0
2007,PISCATAQUIS,36.0,59.0,47.0,2.68,5.0
2007,CUMBERLAND,37.0,64.0,53.0,4.17,6.0
2007,KENNEBEC,33.0,69.0,53.0,1.52,2.0
2007,PENOBSCOT,30.0,68.0,51.0,0.72,2.0
2007,OXFORD,30.0,70.0,51.0,1.2,1.0
2007,AROOSTOOK,30.0,66.0,48.0,0.51,2.0
2007,PISCATAQUIS,31.0,70.0,50.0,1.22,3.0
2007,AROOSTOOK,33.0,63.0,48.0,0.55,3.0
2007,AROOSTOOK,28.0,70.0,48.0,0.55,2.0
2007,ANDROSCOGGIN,26.0,71.0,50.0,0.99,1.0
2007,PISCATAQUIS,30.0,68.0,47.0,1.08,2.0
2007,CUMBERLAND,32.0,68.0,53.0,0.95,3.0
2007,KENNEBEC,34.0,79.0,56.0,1.09,4.0
2007,PENOBSCOT,27.0,83.0,55.0,1.07,3.0
2007,OXFORD,28.0,80.0,53.0,0.73,3.0
2007,AROOSTOOK,25.0,76.0,50.0,1.53,2.0
2007,PISCATAQUIS,24.0,78.0,50.0,1.29,2.0
2007,AROOSTOOK,28.0,73.0,49.0,1.13,2.0
2007,AROOSTOOK,23.0,77.0,51.0,0.65,2.0
2007,ANDROSCOGGIN,27.0,81.0,53.0,1.23,3.0
2007,PISCATAQUIS,25.0,80.0,50.0,1.93,4.0
2007,CUMBERLAND,34.0,77.0,57.0,1.03,5.0
2012,KENNEBEC,31.0,60.0,45.0,4.26,4.0
2012,PENOBSCOT,28.0,61.0,45.0,3.62,4.0
2012,OXFORD,29.0,60.0,42.0,3.22,4.0
2012,AROOSTOOK,25.0,62.0,43.0,3.2,5.0
2012,PISCATAQUIS,17.0,61.0,41.0,4.16,4.0
2012,AROOSTOOK,25.0,60.0,40.0,2.03,6.0
2012,AROOSTOOK,25.0,61.0,43.0,2.36,4.0
2012,ANDROSCOGGIN,21.0,61.0,42.0,3.37,4.0
2012,PISCATAQUIS,23.0,56.0,39.0,3.35,4.0
2012,CUMBERLAND,30.0,60.0,46.0,4.58,4.0
2012,KENNEBEC,32.0,63.0,46.0,0.77,4.0
2012,PENOBSCOT,33.0,62.0,47.0,0.78,3.0
2012,OXFORD,31.0,66.0,46.0,0.76,5.0
2012,AROOSTOOK,30.0,65.0,45.0,0.14,1.0
2012,PISCATAQUIS,30.0,61.0,43.0,0.69,3.0
2012,AROOSTOOK,27.0,64.0,44.0,0.16,1.0
2012,AROOSTOOK,28.0,64.0,44.0,0.1,3.0
2012,ANDROSCOGGIN,25.0,65.0,45.0,0.92,5.0
2012,PISCATAQUIS,25.0,60.0,41.0,0.33,3.0
2012,CUMBERLAND,30.0,61.0,47.0,1.05,5.0
2012,KENNEBEC,38.0,74.0,53.0,1.88,3.0
2012,PENOBSCOT,31.0,70.0,52.0,2.06,3.0
2012,OXFORD,32.0,73.0,51.0,1.01,3.0
2012,AROOSTOOK,31.0,67.0,49.0,1.63,5.0
2012,PISCATAQUIS,27.0,69.0,48.0,2.03,4.0
2012,AROOSTOOK,32.0,66.0,47.0,1.46,4.0
2012,AROOSTOOK,28.0,67.0,50.0,1.74,4.0
2012,ANDROSCOGGIN,28.0,73.0,50.0,1.48,3.0
2012,PISCATAQUIS,25.0,67.0,46.0,1.42,4.0
2012,CUMBERLAND,36.0,77.0,53.0,2.05,3.0
2012,KENNEBEC,50.0,84.0,65.0,0.31,2.0
2012,PENOBSCOT,50.0,83.0,65.0,0.37,3.0
2012,OXFORD,50.0,85.0,65.0,0.27,4.0
2012,AROOSTOOK,42.0,86.0,65.0,0.8,2.0
2012,PISCATAQUIS,45.0,84.0,63.0,0.14,3.0
2012,AROOSTOOK,41.0,88.0,64.0,0.68,2.0
2012,AROOSTOOK,34.0,83.0,63.0,0.03,1.0
2012,ANDROSCOGGIN,46.0,86.0,65.0,0.54,4.0
2012,PISCATAQUIS,37.0,85.0,61.0,0.05,1.0
2012,CUMBERLAND,49.0,80.0,63.0,0.16,3.0
2012,KENNEBEC,48.0,78.0,61.0,3.99,4.0
2012,PENOBSCOT,47.0,74.0,60.0,1.48,5.0
2012,OXFORD,43.0,77.0,60.0,5.96,6.0
2012,AROOSTOOK,40.0,72.0,54.0,0.98,4.0
2012,PISCATAQUIS,40.0,74.0,58.0,1.35,5.0
2012,AROOSTOOK,39.0,67.0,51.0,0.73,4.0
2012,AROOSTOOK,35.0,70.0,55.0,0.65,3.0
2012,ANDROSCOGGIN,41.0,77.0,61.0,5.57,5.0
2012,PISCATAQUIS,38.0,73.0,54.0,1.63,4.0
2012,CUMBERLAND,52.0,77.0,61.0,6.82,3.0
2012,KENNEBEC,45.0,75.0,55.0,2.33,5.0
2012,PENOBSCOT,42.0,75.0,55.0,2.58,5.0
2012,OXFORD,43.0,73.0,55.0,2.78,5.0
2012,AROOSTOOK,44.0,71.0,56.0,0.59,3.0
2012,PISCATAQUIS,42.0,73.0,53.0,2.65,6.0
2012,AROOSTOOK,43.0,67.0,54.0,0.86,4.0
2012,AROOSTOOK,43.0,70.0,54.0,0.22,4.0
2012,ANDROSCOGGIN,40.0,73.0,54.0,3.15,6.0
2012,PISCATAQUIS,40.0,69.0,51.0,3.38,4.0
2012,CUMBERLAND,47.0,77.0,56.0,2.45,5.0
2012,KENNEBEC,46.0,78.0,62.0,0.53,2.0
2012,PENOBSCOT,44.0,78.0,61.0,0.34,1.0
2012,OXFORD,44.0,81.0,62.0,0.46,2.0
2012,AROOSTOOK,45.0,78.0,61.0,0.61,1.0
2012,PISCATAQUIS,42.0,78.0,60.0,0.44,2.0
2012,AROOSTOOK,43.0,77.0,60.0,0.42,1.0
2012,AROOSTOOK,40.0,78.0,60.0,0.23,1.0
2012,ANDROSCOGGIN,42.0,79.0,61.0,0.52,2.0
2012,PISCATAQUIS,39.0,76.0,58.0,0.58,2.0
2012,CUMBERLAND,47.0,76.0,62.0,0.53,2.0
2012,KENNEBEC,48.0,92.0,70.0,1.6,1.0
2012,PENOBSCOT,48.0,92.0,67.0,1.2,3.0
2012,OXFORD,46.0,92.0,69.0,0.22,1.0
2012,AROOSTOOK,49.0,85.0,68.0,1.89,2.0
2012,PISCATAQUIS,41.0,90.0,66.0,1.38,4.0
2012,AROOSTOOK,49.0,81.0,66.0,1.97,3.0
2012,AROOSTOOK,46.0,90.0,67.0,5.71,3.0
2012,ANDROSCOGGIN,43.0,90.0,68.0,0.85,2.0
2012,PISCATAQUIS,42.0,85.0,64.0,2.26,2.0
2012,CUMBERLAND,50.0,93.0,69.0,0.23,2.0
2012,KENNEBEC,57.0,89.0,69.0,1.11,5.0
2012,PENOBSCOT,55.0,88.0,68.0,2.67,6.0
2012,OXFORD,54.0,85.0,66.0,2.55,4.0
2012,AROOSTOOK,56.0,85.0,65.0,3.88,6.0
2012,PISCATAQUIS,51.0,87.0,65.0,3.75,7.0
2012,AROOSTOOK,54.0,81.0,63.0,2.95,6.0
2012,AROOSTOOK,50.0,85.0,64.0,5.35,7.0
2012,ANDROSCOGGIN,53.0,86.0,66.0,2.76,4.0
2012,PISCATAQUIS,51.0,84.0,62.0,1.27,4.0
2012,CUMBERLAND,59.0,88.0,70.0,0.41,4.0
2012,KENNEBEC,61.0,87.0,73.0,0.24,4.0
2012,PENOBSCOT,56.0,89.0,71.0,0.2,3.0
2012,OXFORD,56.0,87.0,71.0,0.75,3.0
2012,AROOSTOOK,54.0,81.0,67.0,0.05,2.0
2012,PISCATAQUIS,53.0,85.0,69.0,0.57,3.0
2012,AROOSTOOK,53.0,78.0,65.0,0.22,3.0
2012,AROOSTOOK,48.0,84.0,67.0,0.2,1.0
2012,ANDROSCOGGIN,55.0,85.0,70.0,0.44,4.0
2012,PISCATAQUIS,50.0,81.0,65.0,0.83,4.0
2012,CUMBERLAND,60.0,87.0,73.0,1.07,4.0
2012,KENNEBEC,56.0,90.0,72.0,0.0,0.0
2012,PENOBSCOT,52.0,91.0,71.0,0.01,1.0
2012,OXFORD,46.0,90.0,68.0,0.0,0.0
2012,AROOSTOOK,50.0,86.0,68.0,0.05,1.0
2012,PISCATAQUIS,47.0,93.0,68.0,0.0,0.0
2012,AROOSTOOK,46.0,80.0,65.0,0.05,1.0
2012,AROOSTOOK,40.0,88.0,67.0,0.0,0.0
2012,ANDROSCOGGIN,45.0,90.0,68.0,0.44,1.0
2012,PISCATAQUIS,43.0,90.0,64.0,0.01,1.0
2012,CUMBERLAND,52.0,90.0,72.0,0.0,0.0
2012,KENNEBEC,54.0,87.0,71.0,0.26,2.0
2012,PENOBSCOT,50.0,87.0,70.0,0.1,1.0
2012,OXFORD,47.0,88.0,69.0,0.73,2.0
2012,AROOSTOOK,47.0,86.0,66.0,0.84,2.0
2012,PISCATAQUIS,47.0,88.0,68.0,0.4,3.0
2012,AROOSTOOK,46.0,90.0,65.0,0.5,3.0
2012,AROOSTOOK,44.0,86.0,67.0,0.25,2.0
2012,ANDROSCOGGIN,44.0,89.0,69.0,0.31,2.0
2012,PISCATAQUIS,41.0,85.0,63.0,1.14,3.0
2012,CUMBERLAND,54.0,86.0,71.0,0.37,2.0
2012,KENNEBEC,60.0,89.0,73.0,0.75,3.0
2012,PENOBSCOT,56.0,87.0,72.0,0.61,3.0
2012,OXFORD,60.0,89.0,72.0,1.16,2.0
2012,AROOSTOOK,55.0,87.0,72.0,0.1,2.0
2012,PISCATAQUIS,54.0,87.0,71.0,0.14,3.0
2012,AROOSTOOK,52.0,88.0,71.0,0.02,2.0
2012,AROOSTOOK,53.0,88.0,73.0,0.28,2.0
2012,ANDROSCOGGIN,54.0,88.0,72.0,0.3,4.0
2012,PISCATAQUIS,54.0,87.0,69.0,0.05,2.0
2012,CUMBERLAND,59.0,90.0,72.0,0.96,2.0
2012,KENNEBEC,58.0,87.0,72.0,1.03,3.0
2012,PENOBSCOT,52.0,87.0,71.0,0.25,2.0
2012,OXFORD,51.0,87.0,70.0,2.51,4.0
2012,AROOSTOOK,52.0,89.0,70.0,1.12,5.0
2012,PISCATAQUIS,50.0,87.0,69.0,1.08,3.0
2012,AROOSTOOK,53.0,89.0,68.0,1.6,4.0
2012,AROOSTOOK,48.0,86.0,70.0,0.27,3.0
2012,ANDROSCOGGIN,50.0,86.0,70.0,1.75,4.0
2012,PISCATAQUIS,46.0,84.0,66.0,0.41,3.0
2012,CUMBERLAND,58.0,85.0,73.0,2.74,3.0
2012,KENNEBEC,57.0,83.0,71.0,2.56,5.0
2012,PENOBSCOT,56.0,85.0,71.0,1.55,2.0
2012,OXFORD,52.0,82.0,68.0,2.62,5.0
2012,AROOSTOOK,50.0,83.0,70.0,0.47,3.0
2012,PISCATAQUIS,50.0,83.0,69.0,3.11,6.0
2012,AROOSTOOK,49.0,81.0,68.0,0.71,4.0
2012,AROOSTOOK,47.0,84.0,69.0,2.04,3.0
2012,ANDROSCOGGIN,50.0,84.0,69.0,1.62,5.0
2012,PISCATAQUIS,45.0,80.0,65.0,2.66,4.0
2012,CUMBERLAND,57.0,84.0,71.0,2.82,5.0
2012,KENNEBEC,54.0,82.0,68.0,0.02,1.0
2012,PENOBSCOT,49.0,83.0,67.0,0.02,2.0
2012,OXFORD,48.0,83.0,65.0,0.02,1.0
2012,AROOSTOOK,47.0,82.0,65.0,0.04,3.0
2012,PISCATAQUIS,47.0,81.0,65.0,0.13,2.0
2012,AROOSTOOK,50.0,78.0,64.0,0.04,2.0
2012,AROOSTOOK,44.0,83.0,64.0,0.18,1.0
2012,ANDROSCOGGIN,49.0,83.0,66.0,0.05,1.0
2012,PISCATAQUIS,46.0,81.0,62.0,0.21,2.0
2012,CUMBERLAND,56.0,84.0,69.0,0.0,0.0
2012,KENNEBEC,52.0,82.0,68.0,0.33,3.0
2012,PENOBSCOT,45.0,82.0,68.0,0.22,2.0
2012,OXFORD,53.0,84.0,68.0,0.84,2.0
2012,AROOSTOOK,41.0,89.0,66.0,0.73,4.0
2012,PISCATAQUIS,43.0,84.0,64.0,0.15,1.0
2012,AROOSTOOK,39.0,87.0,64.0,1.25,3.0
2012,AROOSTOOK,38.0,87.0,66.0,1.69,3.0
2012,ANDROSCOGGIN,42.0,85.0,64.0,0.44,2.0
2012,PISCATAQUIS,41.0,86.0,63.0,0.56,2.0
2012,CUMBERLAND,52.0,84.0,70.0,0.1,3.0
2012,KENNEBEC,53.0,83.0,66.0,2.39,4.0
2012,PENOBSCOT,47.0,80.0,64.0,3.66,4.0
2012,OXFORD,51.0,83.0,66.0,1.96,3.0
2012,AROOSTOOK,49.0,77.0,65.0,0.87,4.0
2012,PISCATAQUIS,47.0,80.0,63.0,2.85,3.0
2012,AROOSTOOK,47.0,76.0,63.0,0.51,2.0
2012,AROOSTOOK,52.0,77.0,64.0,1.65,5.0
2012,ANDROSCOGGIN,50.0,83.0,64.0,2.6,4.0
2012,PISCATAQUIS,45.0,77.0,61.0,3.14,4.0
2012,CUMBERLAND,55.0,82.0,67.0,1.24,3.0
2012,KENNEBEC,45.0,79.0,62.0,0.0,0.0
2012,PENOBSCOT,43.0,80.0,61.0,0.0,0.0
2012,OXFORD,44.0,80.0,59.0,0.0,0.0
2012,AROOSTOOK,39.0,83.0,61.0,0.11,1.0
2012,PISCATAQUIS,40.0,80.0,58.0,0.0,0.0
2012,AROOSTOOK,41.0,81.0,60.0,0.11,1.0
2012,AROOSTOOK,40.0,79.0,60.0,0.08,1.0
2012,ANDROSCOGGIN,37.0,82.0,58.0,0.0,0.0
2012,PISCATAQUIS,37.0,81.0,57.0,0.0,0.0
2012,CUMBERLAND,44.0,77.0,62.0,0.01,1.0
2012,KENNEBEC,40.0,70.0,57.0,1.27,4.0
2012,PENOBSCOT,35.0,72.0,57.0,0.96,4.0
2012,OXFORD,34.0,71.0,53.0,3.15,2.0
2012,AROOSTOOK,33.0,72.0,56.0,1.04,4.0
2012,PISCATAQUIS,32.0,70.0,52.0,1.09,3.0
2012,AROOSTOOK,31.0,69.0,54.0,1.5,4.0
2012,AROOSTOOK,29.0,76.0,56.0,0.71,4.0
2012,ANDROSCOGGIN,31.0,71.0,52.0,1.59,2.0
2012,PISCATAQUIS,30.0,71.0,50.0,1.43,3.0
2012,CUMBERLAND,40.0,70.0,58.0,0.87,3.0
2012,KENNEBEC,38.0,67.0,54.0,0.51,4.0
2012,PENOBSCOT,33.0,69.0,53.0,0.21,3.0
2012,OXFORD,32.0,67.0,49.0,0.41,3.0
2012,AROOSTOOK,31.0,65.0,50.0,0.31,3.0
2012,PISCATAQUIS,30.0,66.0,48.0,0.34,2.0
2012,AROOSTOOK,30.0,63.0,48.0,0.31,3.0
2012,AROOSTOOK,29.0,66.0,50.0,0.9,4.0
2012,ANDROSCOGGIN,31.0,68.0,50.0,0.51,3.0
2012,PISCATAQUIS,29.0,65.0,47.0,0.17,3.0
2012,CUMBERLAND,40.0,71.0,56.0,1.03,2.0
2012,KENNEBEC,44.0,72.0,59.0,1.52,5.0
2012,PENOBSCOT,40.0,72.0,58.0,2.63,5.0
2012,OXFORD,38.0,73.0,58.0,1.12,5.0
2012,AROOSTOOK,38.0,72.0,55.0,1.71,4.0
2012,PISCATAQUIS,35.0,73.0,56.0,3.44,5.0
2012,AROOSTOOK,36.0,71.0,54.0,1.6,4.0
2012,AROOSTOOK,38.0,70.0,56.0,3.18,4.0
2012,ANDROSCOGGIN,37.0,74.0,58.0,1.54,4.0
2012,PISCATAQUIS,37.0,72.0,54.0,3.17,4.0
2012,CUMBERLAND,40.0,72.0,60.0,1.24,4.0
2012,KENNEBEC,32.0,56.0,46.0,0.66,5.0
2012,PENOBSCOT,29.0,57.0,44.0,1.41,5.0
2012,OXFORD,30.0,56.0,44.0,0.56,3.0
2012,AROOSTOOK,28.0,54.0,41.0,1.24,6.0
2012,PISCATAQUIS,22.0,56.0,40.0,0.88,3.0
2012,AROOSTOOK,28.0,52.0,39.0,1.12,5.0
2012,AROOSTOOK,26.0,57.0,41.0,1.4,5.0
2012,ANDROSCOGGIN,24.0,58.0,42.0,0.67,3.0
2012,PISCATAQUIS,25.0,56.0,38.0,0.55,4.0
2012,CUMBERLAND,29.0,60.0,49.0,1.02,5.0
2012,KENNEBEC,36.0,65.0,53.0,0.9,5.0
2012,PENOBSCOT,29.0,64.0,51.0,2.9,5.0
2012,OXFORD,37.0,70.0,51.0,1.69,2.0
2012,AROOSTOOK,29.0,63.0,48.0,1.82,5.0
2012,PISCATAQUIS,23.0,64.0,46.0,1.89,5.0
2012,AROOSTOOK,28.0,61.0,45.0,1.75,5.0
2012,AROOSTOOK,26.0,64.0,49.0,2.44,5.0
2012,ANDROSCOGGIN,31.0,67.0,50.0,1.39,5.0
2012,PISCATAQUIS,27.0,65.0,45.0,1.15,5.0
2012,CUMBERLAND,32.0,67.0,54.0,0.88,4.0
2012,KENNEBEC,31.0,64.0,50.0,0.0,0.0
2012,PENOBSCOT,27.0,67.0,47.0,0.0,0.0
2012,OXFORD,31.0,68.0,49.0,0.0,0.0
2012,AROOSTOOK,25.0,66.0,45.0,0.0,0.0
2012,PISCATAQUIS,21.0,68.0,45.0,0.0,0.0
2012,AROOSTOOK,23.0,64.0,44.0,0.02,1.0
2012,AROOSTOOK,21.0,65.0,44.0,0.0,0.0
2012,ANDROSCOGGIN,25.0,67.0,48.0,0.0,0.0
2012,PISCATAQUIS,26.0,63.0,44.0,0.0,0.0
2012,CUMBERLAND,32.0,64.0,51.0,0.0,0.0
2017,KENNEBEC,26.0,42.0,34.0,0.73,6.0
2017,PENOBSCOT,25.0,46.0,34.0,0.54,3.0
2017,OXFORD,15.0,47.0,33.0,1.47,4.0
2017,CUMBERLAND,15.0,46.0,32.0,1.93,4.0
2017,AROOSTOOK,16.0,45.0,29.0,0.67,2.0
2017,PISCATAQUIS,13.0,46.0,31.0,0.41,3.0
2017,ANDROSCOGGIN,20.0,49.0,35.0,1.5,5.0
2017,HANCOCK,24.0,50.0,35.0,0.44,3.0
2017,FRANKLIN,2.0,40.0,27.0,0.8,6.0
2017,AROOSTOOK,14.0,43.0,28.0,0.36,3.0
2017,SOMERSET,16.0,46.0,34.0,0.55,5.0
2017,YORK,14.0,46.0,33.0,2.57,5.0
2017,AROOSTOOK,13.0,43.0,30.0,0.24,2.0
2017,ANDROSCOGGIN,14.0,44.0,33.0,0.9,3.0
2017,PENOBSCOT,9.0,48.0,30.0,0.57,3.0
2017,PISCATAQUIS,10.0,42.0,29.0,0.67,5.0
2017,CUMBERLAND,31.0,49.0,36.0,2.18,5.0
2017,FRANKLIN,11.0,42.0,29.0,0.81,6.0
2017,WASHINGTON,14.0,48.0,30.0,0.56,3.0
2017,ANDROSCOGGIN,21.0,45.0,33.0,1.13,6.0
2017,KNOX,23.0,42.0,33.0,1.02,5.0
2017,WASHINGTON,23.0,46.0,34.0,0.5,3.0
2017,WASHINGTON,24.0,46.0,34.0,0.55,2.0
2017,KENNEBEC,29.0,51.0,39.0,1.34,3.0
2017,PENOBSCOT,25.0,52.0,39.0,1.64,4.0
2017,OXFORD,29.0,55.0,38.0,1.76,2.0
2017,CUMBERLAND,25.0,53.0,35.0,1.72,4.0
2017,AROOSTOOK,18.0,48.0,37.0,1.0,5.0
2017,PISCATAQUIS,21.0,52.0,36.0,1.4,3.0
2017,ANDROSCOGGIN,25.0,58.0,40.0,1.99,3.0
2017,HANCOCK,26.0,57.0,39.0,1.53,5.0
2017,FRANKLIN,22.0,46.0,33.0,0.83,4.0
2017,AROOSTOOK,24.0,47.0,36.0,0.64,5.0
2017,SOMERSET,25.0,54.0,39.0,1.58,3.0
2017,YORK,23.0,54.0,37.0,2.33,3.0
2017,AROOSTOOK,17.0,50.0,37.0,0.75,5.0
2017,ANDROSCOGGIN,22.0,52.0,38.0,1.76,2.0
2017,PENOBSCOT,18.0,53.0,36.0,1.33,4.0
2017,PISCATAQUIS,12.0,48.0,34.0,1.01,3.0
2017,CUMBERLAND,26.0,52.0,40.0,2.56,3.0
2017,FRANKLIN,10.0,45.0,30.0,0.81,4.0
2017,WASHINGTON,26.0,54.0,38.0,1.02,5.0
2017,ANDROSCOGGIN,29.0,52.0,38.0,1.64,3.0
2017,KNOX,25.0,55.0,39.0,2.06,4.0
2017,WASHINGTON,27.0,50.0,40.0,1.34,5.0
2017,WASHINGTON,29.0,57.0,41.0,0.97,3.0
2017,KENNEBEC,36.0,63.0,48.0,1.42,5.0
2017,PENOBSCOT,38.0,63.0,49.0,2.28,5.0
2017,OXFORD,39.0,64.0,48.0,1.48,5.0
2017,CUMBERLAND,36.0,64.0,47.0,1.81,5.0
2017,AROOSTOOK,37.0,62.0,49.0,2.49,6.0
2017,PISCATAQUIS,26.0,65.0,46.0,1.58,5.0
2017,ANDROSCOGGIN,31.0,64.0,49.0,1.36,6.0
2017,HANCOCK,33.0,61.0,48.0,3.55,6.0
2017,FRANKLIN,32.0,61.0,44.0,1.98,5.0
2017,AROOSTOOK,35.0,60.0,47.0,2.09,5.0
2017,SOMERSET,32.0,66.0,49.0,1.53,5.0
2017,YORK,29.0,64.0,47.0,1.82,6.0
2017,AROOSTOOK,37.0,62.0,49.0,1.82,5.0
2017,ANDROSCOGGIN,30.0,65.0,48.0,1.48,5.0
2017,PENOBSCOT,31.0,64.0,46.0,2.18,6.0
2017,PISCATAQUIS,31.0,63.0,45.0,1.66,6.0
2017,CUMBERLAND,34.0,64.0,49.0,1.33,5.0
2017,FRANKLIN,29.0,59.0,43.0,2.16,6.0
2017,WASHINGTON,35.0,64.0,47.0,3.46,5.0
2017,ANDROSCOGGIN,38.0,63.0,48.0,1.18,6.0
2017,KNOX,38.0,62.0,48.0,2.34,5.0
2017,WASHINGTON,37.0,67.0,50.0,3.82,6.0
2017,WASHINGTON,40.0,63.0,51.0,3.54,5.0
2017,KENNEBEC,36.0,65.0,49.0,0.36,3.0
2017,PENOBSCOT,38.0,67.0,50.0,0.45,4.0
2017,OXFORD,29.0,67.0,47.0,0.65,4.0
2017,CUMBERLAND,29.0,65.0,46.0,0.92,4.0
2017,AROOSTOOK,34.0,68.0,51.0,0.86,4.0
2017,PISCATAQUIS,30.0,66.0,48.0,0.56,6.0
2017,ANDROSCOGGIN,35.0,68.0,49.0,0.49,4.0
2017,HANCOCK,36.0,66.0,48.0,2.12,5.0
2017,FRANKLIN,27.0,64.0,44.0,0.26,2.0
2017,AROOSTOOK,33.0,67.0,49.0,1.4,4.0
2017,SOMERSET,37.0,69.0,50.0,0.42,5.0
2017,YORK,29.0,65.0,47.0,0.46,4.0
2017,AROOSTOOK,32.0,69.0,49.0,0.89,5.0
2017,ANDROSCOGGIN,31.0,66.0,49.0,0.08,2.0
2017,PENOBSCOT,32.0,69.0,48.0,1.41,5.0
2017,PISCATAQUIS,30.0,66.0,47.0,0.95,5.0
2017,CUMBERLAND,32.0,60.0,49.0,0.28,4.0
2017,FRANKLIN,26.0,65.0,43.0,0.58,5.0
2017,WASHINGTON,35.0,70.0,50.0,0.92,5.0
2017,ANDROSCOGGIN,32.0,66.0,49.0,0.26,5.0
2017,KNOX,36.0,63.0,48.0,0.35,4.0
2017,WASHINGTON,35.0,66.0,50.0,0.48,4.0
2017,WASHINGTON,37.0,67.0,50.0,0.76,4.0
2017,KENNEBEC,42.0,93.0,60.0,1.16,3.0
2017,PENOBSCOT,35.0,92.0,58.0,2.2,3.0
2017,OXFORD,35.0,93.0,58.0,1.71,3.0
2017,CUMBERLAND,37.0,93.0,58.0,1.38,3.0
2017,AROOSTOOK,38.0,90.0,55.0,0.38,4.0
2017,PISCATAQUIS,33.0,93.0,56.0,1.89,2.0
2017,ANDROSCOGGIN,35.0,95.0,57.0,1.0,3.0
2017,HANCOCK,37.0,89.0,58.0,0.16,2.0
2017,FRANKLIN,29.0,89.0,53.0,2.22,2.0
2017,AROOSTOOK,35.0,89.0,53.0,0.66,4.0
2017,SOMERSET,31.0,95.0,57.0,1.35,2.0
2017,YORK,34.0,94.0,58.0,0.65,2.0
2017,AROOSTOOK,30.0,91.0,55.0,1.07,4.0
2017,ANDROSCOGGIN,31.0,93.0,56.0,1.39,3.0
2017,PENOBSCOT,31.0,91.0,54.0,1.48,3.0
2017,PISCATAQUIS,32.0,90.0,55.0,1.74,2.0
2017,CUMBERLAND,39.0,93.0,61.0,0.55,1.0
2017,FRANKLIN,30.0,86.0,52.0,1.79,3.0
2017,WASHINGTON,39.0,90.0,57.0,1.04,3.0
2017,ANDROSCOGGIN,40.0,92.0,59.0,1.5,3.0
2017,KNOX,41.0,93.0,59.0,1.54,2.0
2017,WASHINGTON,36.0,92.0,58.0,2.05,2.0
2017,WASHINGTON,45.0,91.0,59.0,1.52,3.0
2017,KENNEBEC,44.0,72.0,56.0,1.74,4.0
2017,PENOBSCOT,39.0,74.0,55.0,1.25,3.0
2017,OXFORD,42.0,72.0,56.0,1.94,4.0
2017,CUMBERLAND,38.0,72.0,54.0,1.83,4.0
2017,AROOSTOOK,39.0,71.0,55.0,0.33,2.0
2017,PISCATAQUIS,42.0,75.0,56.0,1.55,3.0
2017,ANDROSCOGGIN,44.0,75.0,57.0,2.29,4.0
2017,HANCOCK,38.0,71.0,53.0,1.04,4.0
2017,FRANKLIN,31.0,67.0,50.0,1.25,3.0
2017,AROOSTOOK,42.0,66.0,53.0,0.09,2.0
2017,SOMERSET,37.0,73.0,56.0,1.5,3.0
2017,YORK,43.0,70.0,55.0,2.89,4.0
2017,AROOSTOOK,33.0,71.0,53.0,0.98,2.0
2017,ANDROSCOGGIN,41.0,72.0,55.0,1.67,4.0
2017,PENOBSCOT,37.0,75.0,54.0,1.19,3.0
2017,PISCATAQUIS,38.0,70.0,53.0,1.3,3.0
2017,CUMBERLAND,45.0,68.0,55.0,3.3,4.0
2017,FRANKLIN,32.0,70.0,51.0,1.34,4.0
2017,WASHINGTON,39.0,76.0,54.0,1.58,4.0
2017,ANDROSCOGGIN,44.0,73.0,55.0,1.96,4.0
2017,KNOX,44.0,69.0,56.0,1.7,3.0
2017,WASHINGTON,39.0,77.0,55.0,2.28,4.0
2017,WASHINGTON,42.0,73.0,55.0,1.55,3.0
2017,KENNEBEC,33.0,79.0,52.0,0.27,3.0
2017,PENOBSCOT,30.0,77.0,50.0,0.41,2.0
2017,OXFORD,26.0,76.0,47.0,0.15,3.0
2017,CUMBERLAND,25.0,77.0,45.0,0.16,2.0
2017,AROOSTOOK,31.0,65.0,45.0,0.67,3.0
2017,PISCATAQUIS,27.0,73.0,46.0,0.31,3.0
2017,ANDROSCOGGIN,27.0,80.0,48.0,0.14,1.0
2017,HANCOCK,28.0,75.0,49.0,0.23,2.0
2017,FRANKLIN,25.0,72.0,43.0,0.4,2.0
2017,AROOSTOOK,31.0,65.0,43.0,0.59,2.0
2017,SOMERSET,26.0,75.0,46.0,0.25,3.0
2017,YORK,26.0,80.0,47.0,0.23,2.0
2017,AROOSTOOK,25.0,69.0,46.0,0.89,4.0
2017,ANDROSCOGGIN,23.0,77.0,46.0,0.27,3.0
2017,PENOBSCOT,25.0,72.0,44.0,0.51,4.0
2017,PISCATAQUIS,26.0,71.0,44.0,0.66,5.0
2017,CUMBERLAND,30.0,76.0,51.0,0.23,2.0
2017,FRANKLIN,25.0,69.0,45.0,0.57,3.0
2017,WASHINGTON,32.0,69.0,47.0,0.46,3.0
2017,ANDROSCOGGIN,30.0,79.0,50.0,0.15,2.0
2017,KNOX,27.0,75.0,50.0,0.28,2.0
2017,WASHINGTON,30.0,72.0,51.0,0.28,3.0
2017,WASHINGTON,37.0,65.0,48.0,0.3,3.0
2017,KENNEBEC,31.0,81.0,45.0,0.72,4.0
2017,PENOBSCOT,33.0,76.0,44.0,0.73,5.0
2017,OXFORD,28.0,80.0,45.0,0.54,3.0
2017,CUMBERLAND,30.0,81.0,43.0,0.83,4.0
2017,AROOSTOOK,30.0,54.0,37.0,1.44,6.0
2017,PISCATAQUIS,29.0,71.0,41.0,1.42,5.0
2017,ANDROSCOGGIN,29.0,84.0,46.0,0.72,4.0
2017,HANCOCK,30.0,60.0,41.0,0.71,5.0
2017,FRANKLIN,26.0,56.0,38.0,0.63,5.0
2017,AROOSTOOK,27.0,48.0,35.0,0.54,7.0
2017,SOMERSET,29.0,73.0,43.0,1.0,5.0
2017,YORK,25.0,83.0,44.0,0.87,4.0
2017,AROOSTOOK,29.0,62.0,38.0,1.38,6.0
2017,ANDROSCOGGIN,29.0,78.0,45.0,0.81,5.0
2017,PENOBSCOT,27.0,65.0,38.0,1.72,6.0
2017,PISCATAQUIS,30.0,55.0,38.0,1.68,6.0
2017,CUMBERLAND,30.0,86.0,48.0,0.65,3.0
2017,FRANKLIN,29.0,65.0,39.0,0.5,4.0
2017,WASHINGTON,27.0,72.0,39.0,1.45,6.0
2017,ANDROSCOGGIN,33.0,80.0,45.0,0.93,5.0
2017,KNOX,31.0,80.0,44.0,0.8,5.0
2017,WASHINGTON,24.0,69.0,43.0,0.28,4.0
2017,WASHINGTON,32.0,69.0,42.0,0.67,5.0
2017,KENNEBEC,36.0,79.0,54.0,1.39,2.0
2017,PENOBSCOT,32.0,77.0,53.0,1.2,2.0
2017,OXFORD,35.0,78.0,53.0,1.21,2.0
2017,CUMBERLAND,31.0,77.0,51.0,1.22,3.0
2017,AROOSTOOK,25.0,67.0,49.0,0.74,4.0
2017,PISCATAQUIS,28.0,76.0,51.0,0.94,4.0
2017,ANDROSCOGGIN,30.0,79.0,53.0,1.86,3.0
2017,HANCOCK,33.0,71.0,50.0,1.52,4.0
2017,FRANKLIN,27.0,75.0,47.0,0.56,2.0
2017,AROOSTOOK,21.0,63.0,44.0,0.95,5.0
2017,SOMERSET,31.0,79.0,53.0,0.98,3.0
2017,YORK,30.0,79.0,52.0,1.48,3.0
2017,AROOSTOOK,24.0,69.0,49.0,0.84,4.0
2017,ANDROSCOGGIN,30.0,78.0,53.0,1.01,2.0
2017,PENOBSCOT,27.0,74.0,48.0,1.26,4.0
2017,PISCATAQUIS,28.0,70.0,48.0,0.52,3.0
2017,CUMBERLAND,35.0,81.0,52.0,1.85,2.0
2017,FRANKLIN,28.0,74.0,48.0,0.31,2.0
2017,WASHINGTON,31.0,77.0,49.0,1.49,4.0
2017,ANDROSCOGGIN,37.0,76.0,53.0,1.07,2.0
2017,KNOX,33.0,78.0,51.0,1.65,4.0
2017,WASHINGTON,32.0,69.0,50.0,0.68,4.0
2017,WASHINGTON,36.0,74.0,50.0,0.97,4.0
2017,KENNEBEC,46.0,71.0,56.0,0.38,4.0
2017,PENOBSCOT,43.0,72.0,56.0,0.89,3.0
2017,OXFORD,44.0,71.0,55.0,0.48,4.0
2017,CUMBERLAND,43.0,71.0,53.0,1.06,5.0
2017,AROOSTOOK,45.0,72.0,57.0,0.42,6.0
2017,PISCATAQUIS,44.0,75.0,57.0,0.83,5.0
2017,ANDROSCOGGIN,42.0,74.0,55.0,0.94,5.0
2017,HANCOCK,40.0,67.0,54.0,0.64,5.0
2017,FRANKLIN,41.0,74.0,53.0,0.19,2.0
2017,AROOSTOOK,40.0,70.0,54.0,0.74,7.0
2017,SOMERSET,43.0,75.0,57.0,0.48,5.0
2017,YORK,43.0,70.0,54.0,0.53,4.0
2017,AROOSTOOK,39.0,73.0,56.0,0.26,3.0
2017,ANDROSCOGGIN,39.0,73.0,56.0,0.34,3.0
2017,PENOBSCOT,42.0,73.0,56.0,0.48,5.0
2017,PISCATAQUIS,44.0,75.0,55.0,0.43,5.0
2017,CUMBERLAND,44.0,72.0,54.0,0.66,5.0
2017,FRANKLIN,39.0,74.0,51.0,0.62,6.0
2017,WASHINGTON,41.0,77.0,56.0,0.42,5.0
2017,ANDROSCOGGIN,45.0,70.0,55.0,0.74,5.0
2017,KNOX,44.0,70.0,54.0,0.52,5.0
2017,WASHINGTON,40.0,69.0,54.0,0.48,5.0
2017,WASHINGTON,46.0,76.0,59.0,0.45,2.0
2017,KENNEBEC,46.0,82.0,60.0,0.05,2.0
2017,PENOBSCOT,44.0,83.0,60.0,1.04,3.0
2017,OXFORD,44.0,82.0,60.0,0.49,3.0
2017,CUMBERLAND,44.0,81.0,58.0,0.7,3.0
2017,AROOSTOOK,40.0,87.0,60.0,0.03,1.0
2017,PISCATAQUIS,38.0,86.0,58.0,0.63,3.0
2017,ANDROSCOGGIN,44.0,81.0,59.0,0.17,4.0
2017,HANCOCK,45.0,83.0,58.0,0.55,2.0
2017,FRANKLIN,35.0,83.0,56.0,0.62,3.0
2017,AROOSTOOK,40.0,83.0,59.0,0.0,0.0
2017,SOMERSET,41.0,86.0,58.0,0.62,3.0
2017,YORK,44.0,81.0,58.0,1.56,4.0
2017,AROOSTOOK,32.0,86.0,59.0,0.08,1.0
2017,ANDROSCOGGIN,42.0,84.0,59.0,0.25,3.0
2017,PENOBSCOT,35.0,87.0,58.0,0.09,2.0
2017,PISCATAQUIS,42.0,80.0,58.0,0.8,3.0
2017,CUMBERLAND,47.0,76.0,59.0,0.93,3.0
2017,FRANKLIN,36.0,80.0,56.0,0.43,4.0
2017,WASHINGTON,39.0,87.0,59.0,0.27,1.0
2017,ANDROSCOGGIN,46.0,82.0,60.0,0.21,3.0
2017,KNOX,46.0,79.0,58.0,0.39,4.0
2017,WASHINGTON,43.0,76.0,57.0,0.84,1.0
2017,WASHINGTON,41.0,85.0,59.0,0.38,1.0
2017,KENNEBEC,50.0,91.0,68.0,0.35,2.0
2017,PENOBSCOT,49.0,91.0,66.0,0.72,1.0
2017,OXFORD,42.0,93.0,66.0,0.36,2.0
2017,CUMBERLAND,43.0,88.0,64.0,0.4,2.0
2017,AROOSTOOK,43.0,91.0,63.0,0.74,2.0
2017,PISCATAQUIS,44.0,92.0,64.0,0.43,2.0
2017,ANDROSCOGGIN,45.0,92.0,67.0,0.32,3.0
2017,HANCOCK,45.0,90.0,61.0,0.7,3.0
2017,FRANKLIN,36.0,91.0,63.0,0.66,2.0
2017,AROOSTOOK,41.0,87.0,59.0,1.01,2.0
2017,SOMERSET,44.0,94.0,65.0,0.44,1.0
2017,YORK,41.0,93.0,66.0,0.46,2.0
2017,AROOSTOOK,37.0,90.0,62.0,0.73,2.0
2017,ANDROSCOGGIN,42.0,91.0,66.0,0.24,2.0
2017,PENOBSCOT,42.0,93.0,63.0,1.13,3.0
2017,PISCATAQUIS,37.0,91.0,63.0,0.51,1.0
2017,CUMBERLAND,47.0,91.0,68.0,0.43,2.0
2017,FRANKLIN,36.0,87.0,62.0,0.7,2.0
2017,WASHINGTON,46.0,89.0,63.0,1.61,3.0
2017,ANDROSCOGGIN,46.0,90.0,67.0,0.35,2.0
2017,KNOX,52.0,91.0,66.0,0.33,1.0
2017,WASHINGTON,42.0,95.0,63.0,1.54,3.0
2017,WASHINGTON,43.0,89.0,65.0,0.88,3.0
2017,KENNEBEC,56.0,82.0,71.0,0.51,5.0
2017,PENOBSCOT,52.0,81.0,68.0,1.02,3.0
2017,OXFORD,50.0,85.0,69.0,0.89,3.0
2017,CUMBERLAND,51.0,86.0,68.0,1.21,4.0
2017,AROOSTOOK,50.0,83.0,67.0,1.91,5.0
2017,PISCATAQUIS,48.0,87.0,67.0,1.57,4.0
2017,ANDROSCOGGIN,51.0,84.0,70.0,0.51,4.0
2017,HANCOCK,50.0,81.0,64.0,0.13,5.0
2017,FRANKLIN,44.0,87.0,65.0,1.58,6.0
2017,AROOSTOOK,49.0,81.0,64.0,3.88,5.0
2017,SOMERSET,48.0,86.0,68.0,1.08,4.0
2017,YORK,52.0,86.0,69.0,0.73,3.0
2017,AROOSTOOK,46.0,85.0,67.0,1.43,5.0
2017,ANDROSCOGGIN,50.0,81.0,67.0,0.64,6.0
2017,PENOBSCOT,50.0,86.0,66.0,3.14,5.0
2017,PISCATAQUIS,48.0,85.0,66.0,2.17,5.0
2017,CUMBERLAND,54.0,85.0,71.0,0.33,1.0
2017,FRANKLIN,48.0,83.0,65.0,0.9,6.0
2017,WASHINGTON,51.0,84.0,67.0,0.81,3.0
2017,ANDROSCOGGIN,56.0,85.0,70.0,0.91,4.0
2017,KNOX,54.0,82.0,69.0,0.31,2.0
2017,WASHINGTON,50.0,80.0,63.0,0.6,2.0
2017,WASHINGTON,54.0,83.0,69.0,0.23,3.0
2017,KENNEBEC,53.0,80.0,67.0,1.68,6.0
2017,PENOBSCOT,49.0,79.0,65.0,1.21,5.0
2017,OXFORD,49.0,81.0,63.0,4.35,5.0
2017,CUMBERLAND,49.0,78.0,63.0,3.69,6.0
2017,AROOSTOOK,45.0,78.0,63.0,2.03,6.0
2017,PISCATAQUIS,47.0,79.0,63.0,1.34,6.0
2017,ANDROSCOGGIN,49.0,80.0,64.0,1.97,5.0
2017,HANCOCK,50.0,78.0,64.0,2.33,6.0
2017,FRANKLIN,43.0,76.0,61.0,2.93,6.0
2017,AROOSTOOK,41.0,73.0,60.0,1.01,4.0
2017,SOMERSET,46.0,79.0,64.0,2.17,6.0
2017,YORK,48.0,84.0,66.0,1.75,4.0
2017,AROOSTOOK,44.0,77.0,63.0,0.81,6.0
2017,ANDROSCOGGIN,47.0,79.0,64.0,2.09,6.0
2017,PENOBSCOT,47.0,78.0,62.0,1.7,6.0
2017,PISCATAQUIS,44.0,75.0,62.0,2.85,6.0
2017,CUMBERLAND,50.0,82.0,67.0,0.8,4.0
2017,FRANKLIN,42.0,77.0,59.0,2.85,6.0
2017,WASHINGTON,52.0,80.0,64.0,1.0,5.0
2017,ANDROSCOGGIN,50.0,79.0,65.0,1.61,6.0
2017,KNOX,51.0,78.0,65.0,1.93,5.0
2017,WASHINGTON,48.0,84.0,64.0,0.86,4.0
2017,WASHINGTON,50.0,81.0,67.0,0.63,3.0
2017,KENNEBEC,55.0,84.0,69.0,0.0,0.0
2017,PENOBSCOT,51.0,84.0,68.0,0.24,2.0
2017,OXFORD,49.0,82.0,67.0,0.61,1.0
2017,CUMBERLAND,51.0,81.0,67.0,0.25,1.0
2017,AROOSTOOK,51.0,82.0,68.0,1.33,4.0
2017,PISCATAQUIS,49.0,83.0,67.0,0.16,2.0
2017,ANDROSCOGGIN,49.0,84.0,66.0,0.1,1.0
2017,HANCOCK,53.0,81.0,65.0,0.09,2.0
2017,FRANKLIN,44.0,83.0,65.0,0.29,2.0
2017,AROOSTOOK,50.0,80.0,65.0,0.97,2.0
2017,SOMERSET,49.0,83.0,67.0,0.33,2.0
2017,YORK,50.0,84.0,67.0,0.26,1.0
2017,AROOSTOOK,45.0,82.0,67.0,0.68,2.0
2017,ANDROSCOGGIN,48.0,82.0,67.0,0.55,1.0
2017,PENOBSCOT,52.0,82.0,67.0,0.17,2.0
2017,PISCATAQUIS,49.0,81.0,66.0,1.56,4.0
2017,CUMBERLAND,54.0,87.0,69.0,0.19,2.0
2017,FRANKLIN,44.0,79.0,63.0,0.66,3.0
2017,WASHINGTON,54.0,84.0,68.0,0.08,1.0
2017,ANDROSCOGGIN,53.0,82.0,68.0,1.3,1.0
2017,KNOX,55.0,84.0,69.0,0.01,1.0
2017,WASHINGTON,52.0,88.0,70.0,0.16,2.0
2017,WASHINGTON,62.0,84.0,72.0,0.0,0.0
2017,KENNEBEC,53.0,84.0,68.0,0.33,3.0
2017,PENOBSCOT,47.0,82.0,67.0,0.53,3.0
2017,OXFORD,49.0,80.0,65.0,0.66,4.0
2017,CUMBERLAND,50.0,82.0,65.0,0.44,4.0
2017,AROOSTOOK,47.0,83.0,66.0,0.09,3.0
2017,PISCATAQUIS,47.0,83.0,66.0,0.65,5.0
2017,ANDROSCOGGIN,53.0,84.0,66.0,0.33,3.0
2017,HANCOCK,51.0,83.0,65.0,0.18,3.0
2017,FRANKLIN,40.0,82.0,62.0,1.29,5.0
2017,AROOSTOOK,46.0,79.0,63.0,0.18,2.0
2017,SOMERSET,46.0,82.0,66.0,1.27,5.0
2017,YORK,49.0,85.0,65.0,0.43,3.0
2017,AROOSTOOK,42.0,83.0,65.0,0.14,4.0
2017,ANDROSCOGGIN,52.0,83.0,66.0,0.84,4.0
2017,PENOBSCOT,44.0,83.0,64.0,0.18,4.0
2017,PISCATAQUIS,45.0,77.0,62.0,0.36,5.0
2017,CUMBERLAND,55.0,83.0,67.0,0.05,2.0
2017,FRANKLIN,44.0,77.0,61.0,1.48,4.0
2017,WASHINGTON,49.0,83.0,65.0,0.25,3.0
2017,ANDROSCOGGIN,50.0,83.0,67.0,0.36,3.0
2017,KNOX,55.0,84.0,68.0,0.43,3.0
2017,WASHINGTON,45.0,89.0,67.0,0.1,1.0
2017,WASHINGTON,45.0,84.0,67.0,0.18,4.0
2017,KENNEBEC,57.0,86.0,74.0,0.18,2.0
2017,PENOBSCOT,49.0,87.0,72.0,0.5,2.0
2017,OXFORD,52.0,86.0,72.0,0.8,2.0
2017,CUMBERLAND,56.0,84.0,71.0,1.29,2.0
2017,AROOSTOOK,42.0,86.0,69.0,0.64,4.0
2017,PISCATAQUIS,45.0,87.0,71.0,0.9,4.0
2017,ANDROSCOGGIN,57.0,87.0,72.0,0.05,2.0
2017,HANCOCK,53.0,86.0,69.0,0.04,2.0
2017,FRANKLIN,44.0,85.0,67.0,0.23,3.0
2017,AROOSTOOK,44.0,82.0,67.0,0.48,3.0
2017,SOMERSET,48.0,88.0,71.0,1.11,3.0
2017,YORK,57.0,87.0,73.0,0.09,1.0
2017,AROOSTOOK,38.0,87.0,69.0,0.2,3.0
2017,ANDROSCOGGIN,50.0,87.0,71.0,1.45,2.0
2017,PISCATAQUIS,54.0,84.0,68.0,0.89,3.0
2017,CUMBERLAND,62.0,88.0,74.0,0.57,1.0
2017,FRANKLIN,48.0,85.0,67.0,0.29,2.0
2017,WASHINGTON,47.0,86.0,70.0,0.62,2.0
2017,ANDROSCOGGIN,55.0,86.0,74.0,0.04,2.0
2017,KNOX,58.0,87.0,72.0,0.28,3.0
2017,WASHINGTON,47.0,91.0,69.0,0.0,0.0
2017,WASHINGTON,48.0,87.0,72.0,0.36,2.0
2017,KENNEBEC,53.0,81.0,66.0,0.43,4.0
2017,PENOBSCOT,49.0,83.0,66.0,0.26,3.0
2017,OXFORD,47.0,80.0,63.0,0.41,4.0
2017,CUMBERLAND,50.0,78.0,62.0,0.34,2.0
2017,AROOSTOOK,45.0,81.0,63.0,0.11,1.0
2017,PISCATAQUIS,45.0,81.0,63.0,0.18,3.0
2017,ANDROSCOGGIN,48.0,81.0,63.0,0.3,2.0
2017,HANCOCK,46.0,80.0,63.0,0.43,3.0
2017,FRANKLIN,40.0,80.0,59.0,0.35,3.0
2017,AROOSTOOK,41.0,79.0,60.0,0.06,1.0
2017,SOMERSET,45.0,81.0,64.0,0.16,4.0
2017,YORK,45.0,82.0,63.0,0.43,2.0
2017,AROOSTOOK,40.0,83.0,62.0,0.04,1.0
2017,ANDROSCOGGIN,46.0,81.0,63.0,0.83,4.0
2017,PISCATAQUIS,44.0,82.0,62.0,0.33,3.0
2017,CUMBERLAND,50.0,84.0,66.0,0.24,1.0
2017,FRANKLIN,42.0,76.0,58.0,0.4,4.0
2017,WASHINGTON,50.0,84.0,64.0,0.08,3.0
2017,ANDROSCOGGIN,52.0,80.0,65.0,0.27,3.0
2017,KNOX,50.0,82.0,65.0,0.51,5.0
2017,WASHINGTON,46.0,82.0,64.0,0.63,3.0
2017,WASHINGTON,51.0,83.0,66.0,0.36,3.0
2017,KENNEBEC,55.0,88.0,72.0,0.73,2.0
2017,PENOBSCOT,52.0,87.0,72.0,0.43,1.0
2017,OXFORD,50.0,88.0,69.0,0.52,4.0
2017,CUMBERLAND,51.0,84.0,68.0,1.25,4.0
2017,AROOSTOOK,50.0,86.0,70.0,1.11,3.0
2017,PISCATAQUIS,50.0,87.0,70.0,0.96,3.0
2017,ANDROSCOGGIN,48.0,87.0,68.0,0.3,2.0
2017,HANCOCK,51.0,85.0,68.0,0.69,2.0
2017,FRANKLIN,46.0,85.0,65.0,2.89,3.0
2017,AROOSTOOK,51.0,84.0,67.0,0.67,1.0
2017,SOMERSET,48.0,86.0,69.0,0.78,4.0
2017,YORK,48.0,86.0,69.0,0.52,3.0
2017,AROOSTOOK,46.0,88.0,70.0,1.45,3.0
2017,ANDROSCOGGIN,48.0,87.0,70.0,0.48,2.0
2017,PISCATAQUIS,47.0,84.0,66.0,0.89,4.0
2017,CUMBERLAND,52.0,86.0,71.0,0.05,1.0
2017,FRANKLIN,48.0,83.0,64.0,2.01,3.0
2017,WASHINGTON,56.0,89.0,71.0,0.27,1.0
2017,ANDROSCOGGIN,56.0,87.0,71.0,1.01,2.0
2017,KNOX,56.0,89.0,70.0,0.58,2.0
2017,WASHINGTON,48.0,90.0,71.0,0.82,1.0
2017,WASHINGTON,60.0,89.0,73.0,0.36,1.0
2017,KENNEBEC,54.0,82.0,68.0,0.61,4.0
2017,PENOBSCOT,50.0,84.0,68.0,0.23,3.0
2017,OXFORD,48.0,83.0,66.0,0.6,3.0
2017,CUMBERLAND,50.0,78.0,64.0,0.06,2.0
2017,AROOSTOOK,45.0,75.0,63.0,0.26,1.0
2017,PISCATAQUIS,46.0,84.0,65.0,0.89,5.0
2017,ANDROSCOGGIN,46.0,82.0,65.0,0.38,3.0
2017,HANCOCK,49.0,78.0,65.0,0.39,3.0
2017,FRANKLIN,43.0,77.0,61.0,1.64,4.0
2017,AROOSTOOK,43.0,72.0,60.0,0.19,1.0
2017,SOMERSET,45.0,82.0,65.0,1.61,4.0
2017,YORK,49.0,85.0,66.0,0.3,4.0
2017,AROOSTOOK,41.0,79.0,64.0,1.17,2.0
2017,ANDROSCOGGIN,45.0,83.0,67.0,0.42,2.0
2017,PISCATAQUIS,45.0,76.0,61.0,0.9,5.0
2017,CUMBERLAND,52.0,82.0,69.0,0.25,3.0
2017,FRANKLIN,44.0,77.0,60.0,1.03,4.0
2017,WASHINGTON,50.0,83.0,65.0,0.39,2.0
2017,ANDROSCOGGIN,52.0,81.0,67.0,0.25,2.0
2017,KNOX,53.0,82.0,67.0,0.6,5.0
2017,WASHINGTON,49.0,85.0,66.0,0.36,4.0
2017,WASHINGTON,49.0,82.0,67.0,0.4,4.0
2017,KENNEBEC,55.0,81.0,68.0,1.14,2.0
2017,PENOBSCOT,51.0,84.0,68.0,0.97,3.0
2017,OXFORD,53.0,79.0,65.0,0.58,2.0
2017,CUMBERLAND,51.0,76.0,63.0,0.88,1.0
2017,AROOSTOOK,46.0,82.0,64.0,0.62,5.0
2017,PISCATAQUIS,45.0,80.0,65.0,0.95,3.0
2017,ANDROSCOGGIN,47.0,81.0,64.0,1.46,1.0
2017,HANCOCK,48.0,81.0,65.0,0.78,4.0
2017,FRANKLIN,42.0,81.0,61.0,0.57,4.0
2017,AROOSTOOK,46.0,75.0,61.0,0.54,4.0
2017,SOMERSET,44.0,80.0,62.0,1.32,3.0
2017,YORK,46.0,82.0,65.0,2.12,1.0
2017,AROOSTOOK,45.0,82.0,64.0,0.67,4.0
2017,ANDROSCOGGIN,43.0,80.0,64.0,0.39,2.0
2017,PISCATAQUIS,46.0,80.0,63.0,0.82,4.0
2017,CUMBERLAND,50.0,86.0,69.0,1.92,1.0
2017,FRANKLIN,44.0,77.0,60.0,0.79,4.0
2017,WASHINGTON,51.0,84.0,66.0,0.56,3.0
2017,ANDROSCOGGIN,52.0,80.0,66.0,1.07,3.0
2017,KNOX,48.0,82.0,68.0,1.02,3.0
2017,WASHINGTON,50.0,86.0,66.0,1.0,3.0
2017,WASHINGTON,50.0,82.0,67.0,0.7,3.0
2017,KENNEBEC,53.0,84.0,68.0,0.2,1.0
2017,PENOBSCOT,46.0,86.0,68.0,0.01,1.0
2017,OXFORD,45.0,84.0,64.0,0.44,1.0
2017,CUMBERLAND,44.0,82.0,63.0,0.09,1.0
2017,AROOSTOOK,41.0,82.0,64.0,0.23,2.0
2017,PISCATAQUIS,45.0,86.0,65.0,0.09,1.0
2017,ANDROSCOGGIN,42.0,84.0,64.0,0.26,1.0
2017,HANCOCK,45.0,83.0,65.0,0.02,1.0
2017,FRANKLIN,40.0,82.0,61.0,0.22,1.0
2017,AROOSTOOK,41.0,80.0,62.0,0.35,2.0
2017,SOMERSET,44.0,84.0,64.0,0.18,2.0
2017,YORK,46.0,86.0,65.0,0.74,1.0
2017,AROOSTOOK,39.0,84.0,64.0,0.05,1.0
2017,ANDROSCOGGIN,40.0,84.0,63.0,0.1,1.0
2017,PISCATAQUIS,43.0,81.0,62.0,0.43,2.0
2017,CUMBERLAND,50.0,86.0,69.0,0.77,1.0
2017,FRANKLIN,40.0,77.0,59.0,0.62,2.0
2017,WASHINGTON,48.0,87.0,67.0,0.02,1.0
2017,ANDROSCOGGIN,49.0,84.0,66.0,0.35,1.0
2017,KNOX,46.0,83.0,68.0,0.04,1.0
2017,WASHINGTON,46.0,86.0,67.0,0.0,0.0
2017,WASHINGTON,43.0,86.0,68.0,0.02,1.0
2017,KENNEBEC,46.0,75.0,60.0,0.0,0.0
2017,PENOBSCOT,42.0,80.0,60.0,0.0,0.0
2017,OXFORD,37.0,74.0,56.0,0.0,0.0
2017,CUMBERLAND,40.0,74.0,55.0,0.0,0.0
2017,AROOSTOOK,41.0,80.0,58.0,0.14,2.0
2017,PISCATAQUIS,40.0,77.0,58.0,0.01,1.0
2017,ANDROSCOGGIN,36.0,76.0,56.0,0.0,0.0
2017,HANCOCK,41.0,76.0,58.0,0.55,1.0
2017,FRANKLIN,36.0,71.0,53.0,0.0,0.0
2017,AROOSTOOK,43.0,75.0,56.0,0.22,2.0
2017,SOMERSET,38.0,77.0,56.0,0.0,0.0
2017,YORK,39.0,74.0,55.0,0.0,0.0
2017,AROOSTOOK,36.0,80.0,56.0,0.09,2.0
2017,ANDROSCOGGIN,40.0,77.0,56.0,0.0,0.0
2017,PISCATAQUIS,39.0,74.0,54.0,0.03,1.0
2017,CUMBERLAND,43.0,77.0,60.0,0.0,0.0
2017,FRANKLIN,30.0,72.0,52.0,0.0,0.0
2017,WASHINGTON,45.0,82.0,61.0,0.0,0.0
2017,ANDROSCOGGIN,44.0,76.0,58.0,0.0,0.0
2017,KNOX,43.0,74.0,60.0,0.0,0.0
2017,WASHINGTON,41.0,81.0,60.0,0.0,0.0
2017,WASHINGTON,40.0,78.0,60.0,0.0,0.0
2017,KENNEBEC,51.0,80.0,63.0,2.92,6.0
2017,PENOBSCOT,50.0,79.0,64.0,2.62,6.0
2017,OXFORD,47.0,76.0,60.0,2.58,4.0
2017,CUMBERLAND,41.0,79.0,60.0,4.93,5.0
2017,AROOSTOOK,46.0,73.0,60.0,2.78,5.0
2017,PISCATAQUIS,44.0,74.0,60.0,3.32,6.0
2017,ANDROSCOGGIN,45.0,80.0,61.0,2.59,5.0
2017,HANCOCK,50.0,74.0,62.0,1.46,3.0
2017,FRANKLIN,41.0,71.0,56.0,2.12,5.0
2017,AROOSTOOK,45.0,71.0,57.0,2.03,7.0
2017,SOMERSET,45.0,75.0,61.0,3.01,5.0
2017,YORK,43.0,80.0,61.0,2.88,4.0
2017,AROOSTOOK,45.0,71.0,60.0,1.62,6.0
2017,ANDROSCOGGIN,44.0,79.0,61.0,4.22,4.0
2017,PISCATAQUIS,42.0,67.0,57.0,2.0,5.0
2017,CUMBERLAND,48.0,79.0,64.0,2.16,3.0
2017,FRANKLIN,40.0,68.0,55.0,1.7,7.0
2017,WASHINGTON,47.0,77.0,62.0,2.9,6.0
2017,ANDROSCOGGIN,49.0,79.0,62.0,5.42,6.0
2017,KNOX,52.0,77.0,63.0,2.55,4.0
2017,WASHINGTON,47.0,75.0,62.0,2.36,3.0
2017,WASHINGTON,44.0,78.0,64.0,2.01,5.0
2017,KENNEBEC,53.0,82.0,68.0,0.0,0.0
2017,PENOBSCOT,46.0,84.0,67.0,0.0,0.0
2017,OXFORD,49.0,82.0,66.0,0.0,0.0
2017,CUMBERLAND,41.0,81.0,63.0,0.22,1.0
2017,AROOSTOOK,45.0,82.0,63.0,0.0,0.0
2017,PISCATAQUIS,46.0,84.0,66.0,0.0,0.0
2017,ANDROSCOGGIN,45.0,82.0,64.0,0.58,2.0
2017,HANCOCK,48.0,82.0,65.0,0.1,2.0
2017,FRANKLIN,44.0,80.0,62.0,0.0,0.0
2017,AROOSTOOK,39.0,78.0,60.0,0.0,0.0
2017,SOMERSET,43.0,83.0,65.0,0.0,0.0
2017,YORK,43.0,79.0,63.0,0.02,1.0
2017,AROOSTOOK,42.0,82.0,62.0,0.0,0.0
2017,ANDROSCOGGIN,44.0,83.0,64.0,0.0,0.0
2017,PISCATAQUIS,42.0,79.0,61.0,0.02,1.0
2017,CUMBERLAND,48.0,80.0,66.0,0.0,0.0
2017,FRANKLIN,48.0,78.0,61.0,0.0,0.0
2017,WASHINGTON,49.0,82.0,66.0,0.01,1.0
2017,ANDROSCOGGIN,50.0,82.0,67.0,0.0,0.0
2017,KNOX,51.0,81.0,66.0,0.0,0.0
2017,WASHINGTON,49.0,84.0,66.0,0.0,0.0
2017,WASHINGTON,49.0,83.0,65.0,0.0,0.0
2017,KENNEBEC,51.0,82.0,66.0,0.06,1.0
2017,PENOBSCOT,48.0,84.0,66.0,0.07,2.0
2017,OXFORD,44.0,86.0,64.0,0.0,0.0
2017,CUMBERLAND,50.0,77.0,65.0,0.0,0.0
2017,AROOSTOOK,39.0,84.0,63.0,0.0,0.0
2017,PISCATAQUIS,40.0,84.0,65.0,0.03,1.0
2017,ANDROSCOGGIN,51.0,83.0,64.0,0.02,2.0
2017,HANCOCK,48.0,89.0,66.0,0.05,3.0
2017,FRANKLIN,37.0,82.0,60.0,0.01,1.0
2017,AROOSTOOK,45.0,80.0,61.0,0.0,0.0
2017,SOMERSET,44.0,85.0,65.0,0.05,1.0
2017,YORK,51.0,79.0,64.0,0.07,1.0
2017,AROOSTOOK,34.0,84.0,63.0,0.01,1.0
2017,ANDROSCOGGIN,47.0,84.0,65.0,0.03,1.0
2017,PISCATAQUIS,44.0,81.0,64.0,0.0,0.0
2017,CUMBERLAND,55.0,82.0,66.0,0.04,1.0
2017,FRANKLIN,41.0,82.0,62.0,0.01,1.0
2017,WASHINGTON,47.0,83.0,64.0,0.07,1.0
2017,ANDROSCOGGIN,52.0,85.0,65.0,0.04,3.0
2017,KNOX,54.0,81.0,65.0,0.23,4.0
2017,WASHINGTON,52.0,82.0,65.0,0.04,1.0
2017,WASHINGTON,51.0,76.0,65.0,0.04,2.0
2017,KENNEBEC,39.0,88.0,65.0,0.0,0.0
2017,PENOBSCOT,33.0,89.0,65.0,0.0,0.0
2017,OXFORD,34.0,90.0,65.0,0.0,0.0
2017,CUMBERLAND,34.0,84.0,63.0,0.01,1.0
2017,AROOSTOOK,30.0,88.0,60.0,0.29,1.0
2017,PISCATAQUIS,33.0,89.0,63.0,0.17,1.0
2017,ANDROSCOGGIN,32.0,88.0,63.0,0.0,0.0
2017,HANCOCK,33.0,78.0,59.0,0.01,1.0
2017,FRANKLIN,28.0,87.0,60.0,0.32,2.0
2017,AROOSTOOK,30.0,87.0,56.0,1.44,3.0
2017,SOMERSET,31.0,90.0,64.0,0.0,0.0
2017,YORK,34.0,85.0,62.0,0.04,1.0
2017,AROOSTOOK,27.0,90.0,60.0,0.88,2.0
2017,ANDROSCOGGIN,30.0,91.0,64.0,0.0,0.0
2017,PISCATAQUIS,37.0,86.0,59.0,0.78,1.0
2017,CUMBERLAND,37.0,86.0,65.0,0.03,2.0
2017,FRANKLIN,33.0,84.0,59.0,0.38,2.0
2017,WASHINGTON,37.0,87.0,62.0,0.26,1.0
2017,ANDROSCOGGIN,39.0,89.0,65.0,0.0,0.0
2017,KNOX,34.0,86.0,64.0,0.0,0.0
2017,WASHINGTON,33.0,86.0,63.0,0.0,0.0
2017,WASHINGTON,27.0,86.0,63.0,0.13,1.0
2017,KENNEBEC,39.0,77.0,57.0,0.1,1.0
2017,PENOBSCOT,30.0,79.0,56.0,0.0,0.0
2017,OXFORD,35.0,76.0,56.0,0.11,2.0
2017,CUMBERLAND,35.0,73.0,55.0,0.1,1.0
2017,AROOSTOOK,28.0,79.0,52.0,0.5,2.0
2017,PISCATAQUIS,28.0,77.0,53.0,0.0,0.0
2017,ANDROSCOGGIN,32.0,75.0,53.0,0.09,1.0
2017,HANCOCK,31.0,74.0,56.0,0.17,2.0
2017,FRANKLIN,28.0,80.0,52.0,0.07,1.0
2017,AROOSTOOK,28.0,73.0,49.0,1.14,2.0
2017,SOMERSET,31.0,78.0,54.0,0.0,0.0
2017,YORK,33.0,72.0,55.0,0.04,1.0
2017,AROOSTOOK,24.0,75.0,50.0,0.01,1.0
2017,ANDROSCOGGIN,30.0,77.0,53.0,0.06,1.0
2017,PISCATAQUIS,36.0,75.0,55.0,0.02,1.0
2017,CUMBERLAND,39.0,75.0,58.0,0.03,1.0
2017,FRANKLIN,31.0,75.0,51.0,0.05,1.0
2017,WASHINGTON,35.0,76.0,54.0,0.12,2.0
2017,ANDROSCOGGIN,37.0,76.0,56.0,0.09,1.0
2017,KNOX,41.0,75.0,57.0,0.14,3.0
2017,WASHINGTON,30.0,77.0,55.0,0.02,1.0
2017,WASHINGTON,39.0,76.0,57.0,0.0,0.0
2017,CUMBERLAND,29.0,76.0,50.0,0.6,3.0
2017,PISCATAQUIS,29.0,74.0,54.0,1.39,2.0
2017,ANDROSCOGGIN,30.0,75.0,55.0,0.68,3.0
2017,FRANKLIN,27.0,69.0,50.0,1.29,2.0
2017,SOMERSET,32.0,75.0,56.0,0.64,2.0
2017,YORK,28.0,76.0,56.0,0.7,3.0
2017,PISCATAQUIS,34.0,69.0,52.0,1.21,2.0
2017,FRANKLIN,29.0,72.0,52.0,1.11,3.0
2017,ANDROSCOGGIN,33.0,77.0,57.0,0.87,2.0
2017,WASHINGTON,31.0,75.0,58.0,0.66,2.0
2017,WASHINGTON,36.0,70.0,58.0,0.58,3.0
2017,CUMBERLAND,25.0,72.0,47.0,0.01,1.0
2017,PISCATAQUIS,28.0,72.0,48.0,0.0,0.0
2017,ANDROSCOGGIN,27.0,72.0,51.0,0.0,0.0
2017,FRANKLIN,25.0,71.0,47.0,0.0,0.0
2017,SOMERSET,29.0,70.0,52.0,0.0,0.0
2017,YORK,27.0,73.0,52.0,0.02,1.0
2017,PISCATAQUIS,32.0,66.0,49.0,0.0,0.0
2017,FRANKLIN,26.0,71.0,48.0,0.0,0.0
2017,ANDROSCOGGIN,32.0,72.0,54.0,0.0,0.0
2017,WASHINGTON,30.0,69.0,53.0,0.0,0.0
2017,WASHINGTON,39.0,70.0,55.0,0.02,1.0
2017,CUMBERLAND,31.0,69.0,54.0,4.62,4.0
2017,PISCATAQUIS,37.0,69.0,56.0,4.11,4.0
2017,ANDROSCOGGIN,33.0,66.0,53.0,4.04,4.0
2017,FRANKLIN,29.0,66.0,49.0,4.15,3.0
2017,SOMERSET,36.0,67.0,56.0,3.99,5.0
2017,YORK,29.0,67.0,53.0,3.61,3.0
2017,PISCATAQUIS,37.0,62.0,52.0,4.71,4.0
2017,FRANKLIN,31.0,67.0,52.0,5.55,3.0
2017,ANDROSCOGGIN,34.0,67.0,54.0,3.72,4.0
2017,WASHINGTON,34.0,68.0,59.0,3.59,4.0
2017,WASHINGTON,42.0,70.0,58.0,6.18,3.0
2017,CUMBERLAND,29.0,65.0,48.0,1.52,3.0
2017,PISCATAQUIS,29.0,64.0,48.0,1.27,5.0
2017,ANDROSCOGGIN,28.0,64.0,47.0,1.78,4.0
2017,FRANKLIN,30.0,57.0,43.0,2.62,4.0
2017,SOMERSET,32.0,63.0,51.0,0.41,3.0
2017,YORK,28.0,70.0,47.0,3.25,4.0
2017,PISCATAQUIS,32.0,59.0,44.0,2.46,3.0
2017,FRANKLIN,28.0,63.0,44.0,4.62,5.0
2017,ANDROSCOGGIN,31.0,63.0,48.0,2.63,4.0
2017,WASHINGTON,33.0,67.0,53.0,1.28,3.0
2017,WASHINGTON,38.0,69.0,52.0,1.68,2.0
2017,CUMBERLAND,12.0,64.0,36.0,0.3,2.0
2017,PISCATAQUIS,18.0,60.0,38.0,0.31,2.0
2017,ANDROSCOGGIN,18.0,59.0,35.0,0.47,3.0
2017,FRANKLIN,10.0,58.0,29.0,0.4,3.0
2017,SOMERSET,19.0,61.0,39.0,0.42,2.0
2017,YORK,11.0,61.0,33.0,0.53,4.0
2017,PISCATAQUIS,14.0,57.0,31.0,0.51,2.0
2017,FRANKLIN,12.0,58.0,30.0,0.47,3.0
2017,ANDROSCOGGIN,18.0,63.0,35.0,0.36,3.0
2017,WASHINGTON,20.0,62.0,41.0,0.66,3.0
2017,WASHINGTON,26.0,63.0,40.0,1.13,3.0
2017,CUMBERLAND,15.0,43.0,31.0,0.75,3.0
2017,PISCATAQUIS,13.0,40.0,29.0,0.44,2.0
2017,ANDROSCOGGIN,18.0,50.0,31.0,1.04,3.0
2017,FRANKLIN,11.0,39.0,26.0,0.33,3.0
2017,SOMERSET,20.0,39.0,32.0,0.79,3.0
2017,YORK,18.0,41.0,30.0,1.21,3.0
2017,PISCATAQUIS,19.0,35.0,28.0,0.17,2.0
2017,FRANKLIN,12.0,41.0,26.0,0.29,2.0
2017,ANDROSCOGGIN,21.0,41.0,31.0,0.76,3.0
2017,WASHINGTON,18.0,48.0,34.0,0.64,3.0
2017,WASHINGTON,28.0,48.0,37.0,1.23,4.0
2017,CUMBERLAND,20.0,54.0,34.0,0.28,1.0
2017,PISCATAQUIS,12.0,55.0,30.0,0.37,1.0
2017,ANDROSCOGGIN,18.0,53.0,33.0,0.57,2.0
2017,FRANKLIN,9.0,52.0,29.0,0.31,2.0
2017,SOMERSET,16.0,51.0,35.0,0.57,2.0
2017,YORK,22.0,54.0,34.0,0.59,2.0
2017,PISCATAQUIS,10.0,43.0,26.0,0.18,2.0
2017,FRANKLIN,17.0,50.0,30.0,0.4,3.0
2017,ANDROSCOGGIN,18.0,52.0,34.0,0.62,2.0
2017,WASHINGTON,15.0,54.0,36.0,1.51,2.0
2017,WASHINGTON,21.0,59.0,37.0,1.45,2.0
2022,AROOSTOOK,23.0,37.9,30.43,0.6,4.0
2022,AROOSTOOK,21.4,35.1,28.29,0.1,2.0
2022,AROOSTOOK,25.4,41.1,33.29,0.43,3.0
2022,PENOBSCOT,25.1,40.7,32.93,0.34,2.0
2022,PISCATAQUIS,20.3,35.0,27.67,0.48,2.0
2022,FRANKLIN,11.4,32.4,21.9,0.3,2.0
2022,KENNEBEC,27.9,45.6,36.71,0.61,2.0
2022,PENOBSCOT,27.0,46.0,36.5,0.46,3.0
2022,PISCATAQUIS,22.9,41.0,31.93,0.52,4.0
2022,SOMERSET,23.1,44.4,33.79,0.52,4.0
2022,WASHINGTON,43.9,2.0,23.3,0.63,0.97
2022,ANDROSCOGGIN,23.4,42.0,32.71,0.54,3.0
2022,WASHINGTON,30.0,48.0,39.0,0.24,3.0
2022,ANDROSCOGGIN,25.9,46.0,35.93,0.78,3.0
2022,HANCOCK,25.8,44.7,35.25,0.45,3.0
2022,YORK,22.7,43.7,33.21,0.55,4.0
2022,CUMBERLAND,27.6,45.1,36.36,0.48,2.0
2022,AROOSTOOK,27.1,44.3,35.71,1.01,3.0
2022,AROOSTOOK,28.1,42.7,35.43,0.49,2.0
2022,AROOSTOOK,26.1,48.7,37.43,0.86,4.0
2022,PENOBSCOT,29.0,51.3,40.14,1.16,4.0
2022,PISCATAQUIS,26.3,47.7,37.0,0.68,2.0
2022,FRANKLIN,25.0,48.1,36.57,0.6,2.0
2022,KENNEBEC,35.1,56.3,45.71,1.34,3.0
2022,PENOBSCOT,31.6,55.3,43.43,1.52,2.0
2022,PISCATAQUIS,25.4,52.4,38.93,1.2,3.0
2022,SOMERSET,25.6,55.1,40.36,1.03,3.0
2022,WASHINGTON,53.0,2.0,30.1,5.27,0.5
2022,ANDROSCOGGIN,31.9,52.0,41.93,1.46,3.0
2022,WASHINGTON,39.5,54.5,47.0,0.65,2.0
2022,ANDROSCOGGIN,28.6,54.3,41.43,1.87,3.0
2022,HANCOCK,28.3,53.7,41.0,1.15,3.0
2022,YORK,28.4,51.4,39.93,1.73,3.0
2022,CUMBERLAND,33.4,52.4,42.93,2.44,2.0
2022,AROOSTOOK,33.6,49.4,41.5,0.48,4.0
2022,AROOSTOOK,34.0,47.1,40.57,0.23,4.0
2022,AROOSTOOK,31.6,51.6,41.57,0.7,5.0
2022,PENOBSCOT,35.0,53.0,44.0,0.98,5.0
2022,PISCATAQUIS,32.3,50.6,41.43,1.07,6.0
2022,FRANKLIN,28.6,51.4,40.0,1.5,3.0
2022,KENNEBEC,41.6,58.1,49.86,1.07,6.0
2022,PENOBSCOT,38.1,56.6,47.36,1.34,6.0
2022,PISCATAQUIS,32.7,55.3,44.0,1.36,5.0
2022,SOMERSET,32.4,57.4,44.93,1.62,4.0
2022,WASHINGTON,54.1,2.0,35.4,4.91,1.19
2022,ANDROSCOGGIN,38.4,56.9,47.64,1.07,5.0
2022,WASHINGTON,40.8,56.0,48.38,0.72,2.0
2022,ANDROSCOGGIN,37.4,60.0,48.71,0.87,7.0
2022,HANCOCK,36.6,55.0,45.79,1.62,5.0
2022,YORK,34.7,58.7,46.71,0.95,6.0
2022,CUMBERLAND,39.1,58.1,48.64,0.68,4.0
2022,AROOSTOOK,30.3,48.1,39.21,0.22,3.0
2022,AROOSTOOK,28.9,45.3,37.07,0.13,4.0
2022,AROOSTOOK,30.9,49.9,40.36,0.52,2.0
2022,PENOBSCOT,31.0,51.7,41.36,0.54,3.0
2022,PISCATAQUIS,30.7,47.3,39.0,0.49,1.0
2022,FRANKLIN,25.1,46.0,35.57,0.6,2.0
2022,KENNEBEC,34.6,55.3,44.93,0.69,2.0
2022,PENOBSCOT,32.9,54.4,43.64,0.83,2.0
2022,PISCATAQUIS,29.3,50.9,40.07,0.36,2.0
2022,SOMERSET,25.7,53.3,39.5,0.34,1.0
2022,WASHINGTON,53.3,2.0,30.3,-1.66,1.44
2022,ANDROSCOGGIN,31.7,51.0,41.36,0.97,5.0
2022,WASHINGTON,37.6,59.6,48.6,0.0,0.0
2022,ANDROSCOGGIN,30.1,55.1,42.64,0.84,3.0
2022,HANCOCK,30.8,52.7,41.75,1.75,1.0
2022,YORK,26.7,53.7,40.21,1.77,3.0
2022,CUMBERLAND,34.6,53.6,44.07,0.82,2.0
2022,AROOSTOOK,34.0,47.9,40.93,1.2,5.0
2022,AROOSTOOK,33.7,46.9,40.29,0.74,3.0
2022,AROOSTOOK,34.4,49.4,41.93,1.15,4.0
2022,PENOBSCOT,35.3,51.9,43.57,0.64,3.0
2022,PISCATAQUIS,31.8,53.0,42.42,1.19,3.0
2022,FRANKLIN,29.8,48.3,39.08,0.72,3.0
2022,KENNEBEC,38.6,55.7,47.14,1.14,2.0
2022,PENOBSCOT,36.9,54.0,45.43,1.09,3.0
2022,PISCATAQUIS,35.0,53.0,44.0,0.75,2.0
2022,SOMERSET,34.6,56.0,45.29,0.9,2.0
2022,WASHINGTON,49.9,2.0,32.6,-5.5,1.19
2022,ANDROSCOGGIN,36.6,53.0,44.79,0.74,2.0
2022,WASHINGTON,38.0,59.7,48.83,0.32,3.0
2022,ANDROSCOGGIN,36.0,55.0,45.5,0.9,3.0
2022,HANCOCK,35.6,51.1,43.36,0.97,4.0
2022,YORK,34.3,54.6,44.43,0.66,2.0
2022,CUMBERLAND,38.7,53.4,46.07,0.73,2.0
2022,AROOSTOOK,33.1,57.0,45.07,0.14,1.0
2022,AROOSTOOK,32.4,55.6,44.0,0.04,1.0
2022,AROOSTOOK,30.3,58.6,44.43,0.08,1.0
2022,PENOBSCOT,32.9,60.3,46.57,0.34,1.0
2022,PISCATAQUIS,31.3,59.7,45.5,0.39,2.0
2022,FRANKLIN,30.9,58.4,44.64,0.61,2.0
2022,KENNEBEC,40.7,62.1,51.43,0.47,1.0
2022,PENOBSCOT,36.3,61.6,48.93,0.44,1.0
2022,PISCATAQUIS,32.3,60.0,46.14,0.45,2.0
2022,SOMERSET,32.9,62.6,47.71,0.46,2.0
2022,WASHINGTON,59.7,2.0,33.3,-3.07,0.37
2022,ANDROSCOGGIN,37.4,60.1,48.79,0.72,2.0
2022,WASHINGTON,39.9,65.1,52.5,0.21,1.0
2022,ANDROSCOGGIN,36.0,61.9,48.93,0.49,2.0
2022,HANCOCK,34.1,57.9,46.0,0.32,2.0
2022,YORK,36.6,60.1,48.36,0.67,3.0
2022,CUMBERLAND,40.7,56.0,48.36,0.5,1.0
2022,AROOSTOOK,46.9,77.3,62.07,0.14,1.0
2022,AROOSTOOK,49.4,77.1,63.29,0.09,1.0
2022,AROOSTOOK,42.9,76.1,59.5,0.03,1.0
2022,PENOBSCOT,43.3,78.3,60.79,0.84,2.0
2022,PISCATAQUIS,37.4,72.8,55.1,0.0,0.0
2022,FRANKLIN,30.2,73.2,51.7,0.0,0.0
2022,KENNEBEC,46.7,77.7,62.21,0.09,1.0
2022,PENOBSCOT,43.6,77.0,60.29,0.17,2.0
2022,PISCATAQUIS,40.9,78.1,59.5,0.04,1.0
2022,SOMERSET,39.4,81.3,60.36,0.0,0.0
2022,WASHINGTON,47.5,84.0,65.75,0.0,0.0
2022,ANDROSCOGGIN,39.7,76.6,58.14,0.01,1.0
2022,HANCOCK,41.6,71.0,56.29,0.24,1.0
2022,CUMBERLAND,44.4,68.0,56.21,0.03,1.0
2022,AROOSTOOK,44.1,65.9,55.0,1.64,4.0
2022,AROOSTOOK,42.3,64.1,53.21,1.53,4.0
2022,AROOSTOOK,45.1,65.9,55.5,1.06,5.0
2022,PENOBSCOT,46.6,67.1,56.86,1.01,5.0
2022,PISCATAQUIS,45.0,69.0,57.0,0.87,4.0
2022,FRANKLIN,40.0,63.4,51.7,0.91,4.0
2022,KENNEBEC,50.1,70.9,60.5,0.34,4.0
2022,PENOBSCOT,47.6,66.9,57.21,0.33,4.0
2022,PISCATAQUIS,45.1,65.3,55.21,0.62,6.0
2022,SOMERSET,45.4,67.7,56.57,0.55,6.0
2022,WASHINGTON,64.7,2.0,44.3,0.51,0.85
2022,ANDROSCOGGIN,46.6,65.6,56.07,0.48,4.0
2022,WASHINGTON,51.3,66.8,59.08,0.34,3.0
2022,ANDROSCOGGIN,48.0,68.6,58.29,0.43,5.0
2022,HANCOCK,45.6,64.0,54.79,0.68,6.0
2022,YORK,48.3,68.3,58.29,0.47,4.0
2022,CUMBERLAND,49.4,65.0,57.21,0.51,3.0
2022,AROOSTOOK,44.1,67.4,55.79,1.53,3.0
2022,AROOSTOOK,43.6,64.7,54.14,3.26,3.0
2022,AROOSTOOK,42.6,70.4,56.5,0.83,3.0
2022,PENOBSCOT,45.4,72.0,58.71,0.95,3.0
2022,PISCATAQUIS,41.2,70.6,55.9,1.25,2.0
2022,FRANKLIN,43.3,72.6,57.93,0.3,3.0
2022,KENNEBEC,49.7,73.7,61.71,0.73,1.0
2022,PENOBSCOT,46.9,72.7,59.79,0.87,1.0
2022,PISCATAQUIS,45.6,73.9,59.71,0.23,3.0
2022,SOMERSET,44.9,76.9,60.86,0.65,4.0
2022,WASHINGTON,73.3,2.0,47.1,4.37,0.82
2022,ANDROSCOGGIN,48.1,74.6,61.36,0.56,2.0
2022,WASHINGTON,50.2,75.8,63.0,0.22,2.0
2022,ANDROSCOGGIN,47.4,73.6,60.5,0.47,3.0
2022,HANCOCK,46.4,68.3,57.36,0.17,2.0
2022,YORK,46.4,75.0,60.71,0.25,3.0
2022,CUMBERLAND,50.3,69.0,59.64,0.08,1.0
2022,AROOSTOOK,45.7,67.1,56.43,0.98,4.0
2022,AROOSTOOK,45.0,65.1,55.07,0.3,3.0
2022,AROOSTOOK,42.6,70.0,56.29,1.78,4.0
2022,PENOBSCOT,47.6,71.1,59.36,0.96,4.0
2022,PISCATAQUIS,44.9,70.4,57.64,0.46,3.0
2022,FRANKLIN,42.8,72.8,57.8,0.4,1.0
2022,KENNEBEC,50.4,69.9,60.14,0.77,4.0
2022,PENOBSCOT,48.6,71.0,59.79,0.61,3.0
2022,PISCATAQUIS,46.3,72.0,59.14,0.97,5.0
2022,SOMERSET,45.3,73.6,59.43,0.88,5.0
2022,WASHINGTON,73.1,2.0,46.3,2.0,1.02
2022,ANDROSCOGGIN,50.0,69.4,59.71,0.76,4.0
2022,WASHINGTON,57.5,88.0,72.75,0.65,1.0
2022,ANDROSCOGGIN,48.4,68.7,58.57,0.24,4.0
2022,HANCOCK,44.5,69.5,57.0,0.51,3.0
2022,YORK,49.7,67.9,58.79,0.64,3.0
2022,CUMBERLAND,50.7,66.1,58.43,0.38,3.0
2022,AROOSTOOK,51.4,69.6,60.5,1.59,4.0
2022,AROOSTOOK,50.3,68.6,59.43,1.29,3.0
2022,AROOSTOOK,50.0,71.0,60.5,0.37,2.0
2022,PENOBSCOT,49.1,72.3,60.71,0.67,3.0
2022,PISCATAQUIS,45.8,70.2,58.0,0.99,4.0
2022,FRANKLIN,44.3,69.3,56.79,0.47,3.0
2022,KENNEBEC,53.9,75.1,64.5,1.36,2.0
2022,PENOBSCOT,50.7,73.0,61.86,0.48,3.0
2022,PISCATAQUIS,46.4,70.6,58.5,0.77,4.0
2022,SOMERSET,45.4,73.7,59.57,0.89,4.0
2022,WASHINGTON,69.9,2.0,50.6,0.51,0.92
2022,ANDROSCOGGIN,50.9,72.0,61.43,1.87,5.0
2022,WASHINGTON,61.5,77.2,69.38,0.26,2.0
2022,ANDROSCOGGIN,48.6,73.6,61.07,1.66,3.0
2022,HANCOCK,49.4,70.1,59.79,1.28,2.0
2022,YORK,47.6,74.6,61.07,1.26,3.0
2022,CUMBERLAND,52.3,74.3,63.29,1.07,2.0
2022,AROOSTOOK,50.9,66.6,58.71,1.75,5.0
2022,AROOSTOOK,51.1,65.0,58.07,2.02,5.0
2022,AROOSTOOK,51.4,67.9,59.64,0.97,5.0
2022,PENOBSCOT,52.1,69.0,60.57,1.13,5.0
2022,PISCATAQUIS,48.3,71.8,60.08,0.79,4.0
2022,FRANKLIN,48.3,71.6,59.93,0.95,4.0
2022,KENNEBEC,56.1,72.1,64.14,0.56,3.0
2022,PENOBSCOT,53.7,70.7,62.21,0.45,4.0
2022,PISCATAQUIS,50.9,74.3,62.57,0.71,3.0
2022,SOMERSET,50.4,77.4,63.93,1.11,4.0
2022,WASHINGTON,72.4,2.0,52.6,0.77,1.15
2022,ANDROSCOGGIN,54.1,74.3,64.21,0.4,1.0
2022,WASHINGTON,60.6,78.4,69.5,0.33,5.0
2022,ANDROSCOGGIN,52.6,75.7,64.14,0.59,4.0
2022,HANCOCK,51.7,67.9,59.79,0.52,6.0
2022,YORK,51.6,77.3,64.43,0.44,3.0
2022,CUMBERLAND,55.0,72.1,63.57,1.09,3.0
2022,AROOSTOOK,49.0,74.0,61.5,0.02,1.0
2022,AROOSTOOK,49.4,73.3,61.36,0.02,1.0
2022,AROOSTOOK,46.4,75.0,60.71,0.09,2.0
2022,PENOBSCOT,50.3,78.0,64.14,0.01,1.0
2022,PISCATAQUIS,47.9,72.4,60.14,0.25,1.0
2022,FRANKLIN,39.6,67.2,53.4,0.1,1.0
2022,KENNEBEC,54.1,78.7,66.43,0.0,0.0
2022,PENOBSCOT,51.0,78.4,64.71,0.03,1.0
2022,PISCATAQUIS,48.3,74.9,61.57,0.11,1.0
2022,SOMERSET,48.3,74.3,61.33,0.1,1.0
2022,WASHINGTON,70.0,2.0,49.9,-3.8,0.51
2022,ANDROSCOGGIN,52.6,72.3,62.43,0.28,3.0
2022,WASHINGTON,58.9,74.4,66.64,0.51,2.0
2022,ANDROSCOGGIN,50.0,73.1,61.57,0.13,1.0
2022,HANCOCK,46.8,72.3,59.58,0.08,3.0
2022,YORK,47.8,69.4,58.6,0.08,1.0
2022,AROOSTOOK,52.4,76.6,64.5,0.62,5.0
2022,AROOSTOOK,53.9,74.3,64.07,1.74,5.0
2022,AROOSTOOK,50.4,77.9,64.14,1.54,5.0
2022,PENOBSCOT,54.1,79.3,66.71,0.4,4.0
2022,PISCATAQUIS,53.6,78.7,66.14,0.92,4.0
2022,FRANKLIN,45.8,77.8,61.83,1.15,3.0
2022,KENNEBEC,59.3,81.3,70.29,0.8,3.0
2022,PENOBSCOT,55.0,79.6,67.29,0.58,4.0
2022,PISCATAQUIS,53.3,80.6,66.93,0.37,4.0
2022,SOMERSET,50.1,84.0,67.07,0.41,4.0
2022,WASHINGTON,80.0,2.0,56.7,2.9,0.78
2022,ANDROSCOGGIN,56.1,80.9,68.5,0.49,3.0
2022,WASHINGTON,65.7,83.9,74.79,0.45,3.0
2022,ANDROSCOGGIN,55.4,81.9,68.64,0.32,4.0
2022,HANCOCK,55.3,76.4,65.86,1.57,3.0
2022,CUMBERLAND,59.0,80.3,69.64,0.08,3.0
2022,AROOSTOOK,49.0,73.0,61.0,1.32,3.0
2022,AROOSTOOK,49.1,71.4,60.29,1.26,3.0
2022,AROOSTOOK,45.4,75.0,60.21,0.76,2.0
2022,PENOBSCOT,51.0,76.3,63.64,1.04,3.0
2022,PISCATAQUIS,48.6,73.7,61.14,0.58,2.0
2022,FRANKLIN,42.9,72.6,57.71,0.62,2.0
2022,KENNEBEC,58.3,79.7,69.0,0.18,3.0
2022,PENOBSCOT,52.6,79.6,66.07,0.36,3.0
2022,PISCATAQUIS,49.1,77.1,63.14,0.61,2.0
2022,SOMERSET,46.3,80.2,63.0,0.07,2.0
2022,WASHINGTON,76.7,2.0,53.0,-1.97,0.93
2022,ANDROSCOGGIN,55.7,77.7,66.71,0.43,1.0
2022,WASHINGTON,65.7,80.7,73.17,0.0,0.0
2022,ANDROSCOGGIN,52.1,80.6,66.36,0.2,1.0
2022,HANCOCK,52.0,75.3,63.67,0.46,3.0
2022,YORK,51.4,81.4,66.43,0.58,1.0
2022,CUMBERLAND,56.9,78.4,67.64,0.38,2.0
2022,AROOSTOOK,57.4,80.0,68.71,0.33,2.0
2022,AROOSTOOK,57.1,77.4,67.29,1.19,3.0
2022,AROOSTOOK,55.3,81.1,68.21,1.09,2.0
2022,PENOBSCOT,58.1,82.0,70.07,0.43,2.0
2022,PISCATAQUIS,56.0,77.3,66.67,0.0,0.0
2022,FRANKLIN,43.8,74.4,59.1,0.67,3.0
2022,KENNEBEC,60.7,85.1,72.93,0.14,1.0
2022,PENOBSCOT,59.6,84.4,72.0,0.28,1.0
2022,PISCATAQUIS,54.7,81.6,68.14,0.86,2.0
2022,SOMERSET,51.4,85.7,68.57,0.55,2.0
2022,WASHINGTON,80.3,2.0,58.4,1.61,0.7
2022,ANDROSCOGGIN,58.6,81.9,70.21,1.07,2.0
2022,WASHINGTON,67.6,83.6,75.57,0.24,2.0
2022,ANDROSCOGGIN,55.0,84.3,69.64,0.12,3.0
2022,YORK,54.4,83.9,69.14,0.32,3.0
2022,CUMBERLAND,59.9,81.9,70.86,0.37,2.0
2022,AROOSTOOK,60.9,84.3,72.57,1.93,4.0
2022,AROOSTOOK,61.7,83.3,72.5,2.07,4.0
2022,AROOSTOOK,59.7,86.1,72.93,1.87,2.0
2022,PENOBSCOT,62.0,88.0,75.0,1.98,2.0
2022,FRANKLIN,55.3,84.3,69.79,1.25,2.0
2022,KENNEBEC,67.7,89.4,78.57,1.63,2.0
2022,PENOBSCOT,64.7,89.1,76.93,1.34,2.0
2022,PISCATAQUIS,61.0,87.9,74.43,1.88,2.0
2022,SOMERSET,58.1,90.1,74.14,1.54,2.0
2022,WASHINGTON,85.6,2.0,63.9,6.5,1.72
2022,ANDROSCOGGIN,65.0,87.4,76.21,1.41,2.0
2022,WASHINGTON,75.2,93.2,84.2,1.78,1.0
2022,ANDROSCOGGIN,62.4,88.3,75.36,0.97,2.0
2022,HANCOCK,62.5,85.0,73.75,1.09,2.0
2022,YORK,62.7,89.3,76.0,0.59,3.0
2022,CUMBERLAND,65.9,88.3,77.07,0.23,2.0
2022,AROOSTOOK,57.7,80.1,68.93,0.2,3.0
2022,AROOSTOOK,58.6,78.7,68.64,0.3,4.0
2022,AROOSTOOK,56.4,81.4,68.93,0.87,3.0
2022,PENOBSCOT,61.0,81.6,71.29,1.44,2.0
2022,PISCATAQUIS,56.0,78.0,67.0,0.13,2.0
2022,FRANKLIN,53.7,77.3,65.5,0.4,2.0
2022,KENNEBEC,64.0,83.7,73.86,0.95,2.0
2022,PENOBSCOT,60.3,84.3,72.29,0.1,2.0
2022,PISCATAQUIS,58.0,82.0,70.0,0.34,3.0
2022,SOMERSET,54.9,84.4,69.64,0.74,3.0
2022,WASHINGTON,82.4,2.0,61.0,3.39,0.13
2022,ANDROSCOGGIN,59.7,82.6,71.14,0.74,2.0
2022,WASHINGTON,73.3,91.7,82.5,0.0,0.0
2022,ANDROSCOGGIN,58.7,83.3,71.0,1.05,2.0
2022,HANCOCK,59.3,81.3,70.33,0.12,3.0
2022,YORK,57.1,85.1,71.14,2.62,3.0
2022,CUMBERLAND,62.0,83.9,72.93,0.3,2.0
2022,AROOSTOOK,57.3,82.3,69.79,0.26,2.0
2022,AROOSTOOK,56.4,79.9,68.14,0.14,2.0
2022,AROOSTOOK,59.1,83.9,71.5,0.32,3.0
2022,PENOBSCOT,63.4,86.1,74.79,0.4,3.0
2022,PISCATAQUIS,59.3,80.5,69.92,0.08,2.0
2022,FRANKLIN,55.6,82.9,69.21,0.21,1.0
2022,KENNEBEC,68.0,89.6,78.79,0.14,2.0
2022,PENOBSCOT,65.7,88.3,77.0,1.0,1.0
2022,PISCATAQUIS,60.9,86.0,73.43,0.34,3.0
2022,SOMERSET,59.6,88.6,74.07,0.42,2.0
2022,WASHINGTON,84.7,2.0,60.6,4.53,1.14
2022,ANDROSCOGGIN,64.1,87.3,75.71,0.36,2.0
2022,WASHINGTON,59.5,85.2,72.33,0.18,2.0
2022,ANDROSCOGGIN,64.7,87.7,76.21,0.0,0.0
2022,HANCOCK,62.7,82.7,72.67,0.02,1.0
2022,YORK,61.0,87.9,74.43,0.18,1.0
2022,CUMBERLAND,67.4,87.1,77.29,0.07,1.0
2022,AROOSTOOK,54.1,71.1,62.64,1.41,4.0
2022,AROOSTOOK,53.7,69.6,61.64,1.54,4.0
2022,AROOSTOOK,54.9,71.3,63.07,1.77,4.0
2022,PENOBSCOT,57.6,73.0,65.29,3.75,5.0
2022,PISCATAQUIS,54.1,72.4,63.29,4.82,6.0
2022,FRANKLIN,56.0,74.1,65.07,1.98,4.0
2022,KENNEBEC,60.4,77.0,68.71,0.23,4.0
2022,PENOBSCOT,59.9,77.4,68.64,0.21,3.0
2022,PISCATAQUIS,57.7,74.0,65.86,1.13,4.0
2022,SOMERSET,57.7,77.7,67.71,0.49,4.0
2022,WASHINGTON,73.0,2.0,57.0,-2.59,2.38
2022,ANDROSCOGGIN,59.7,77.3,68.5,0.94,3.0
2022,WASHINGTON,58.0,75.7,66.86,0.83,4.0
2022,ANDROSCOGGIN,60.9,78.9,69.86,0.8,5.0
2022,HANCOCK,59.8,74.8,67.33,0.08,1.0
2022,YORK,59.4,81.4,70.43,1.1,3.0
2022,CUMBERLAND,61.0,81.3,71.14,0.19,1.0
2022,AROOSTOOK,56.4,79.3,67.86,0.91,3.0
2022,AROOSTOOK,56.6,78.9,67.71,0.81,4.0
2022,AROOSTOOK,55.7,77.7,66.71,1.64,3.0
2022,PENOBSCOT,58.3,78.6,68.43,0.98,3.0
2022,PISCATAQUIS,53.7,75.9,64.79,1.63,2.0
2022,FRANKLIN,50.9,75.9,63.36,1.9,3.0
2022,KENNEBEC,60.0,81.3,70.64,1.03,3.0
2022,PENOBSCOT,58.4,80.7,69.57,2.17,2.0
2022,PISCATAQUIS,55.3,78.0,66.64,1.65,2.0
2022,SOMERSET,54.6,81.4,68.0,2.12,2.0
2022,WASHINGTON,75.0,2.0,59.0,0.33,1.81
2022,ANDROSCOGGIN,57.1,78.1,67.64,1.71,2.0
2022,WASHINGTON,68.8,81.8,75.25,0.12,1.0
2022,ANDROSCOGGIN,56.4,79.7,68.07,0.78,2.0
2022,HANCOCK,56.8,77.7,67.25,1.94,2.0
2022,YORK,53.7,78.1,65.93,1.08,2.0
2022,CUMBERLAND,58.9,80.4,69.64,0.51,2.0
2022,AROOSTOOK,54.4,72.4,63.43,0.68,3.0
2022,AROOSTOOK,54.3,71.4,62.86,0.18,1.0
2022,AROOSTOOK,53.4,73.0,63.21,0.42,2.0
2022,PENOBSCOT,55.1,73.9,64.5,0.35,3.0
2022,PISCATAQUIS,52.9,75.3,64.07,0.75,4.0
2022,FRANKLIN,58.8,78.2,68.5,1.02,2.0
2022,KENNEBEC,63.3,78.7,71.0,0.48,4.0
2022,PENOBSCOT,59.4,77.3,68.36,0.89,3.0
2022,PISCATAQUIS,54.9,76.6,65.71,0.86,4.0
2022,SOMERSET,57.3,79.7,68.5,0.76,3.0
2022,WASHINGTON,74.7,2.0,57.3,0.66,0.73
2022,ANDROSCOGGIN,60.7,77.9,69.29,1.37,5.0
2022,WASHINGTON,57.3,74.7,66.0,0.85,2.0
2022,ANDROSCOGGIN,61.3,80.1,70.71,0.94,5.0
2022,HANCOCK,60.2,75.3,67.75,0.92,3.0
2022,YORK,59.6,78.0,68.79,5.66,4.0
2022,CUMBERLAND,63.1,77.6,70.36,3.71,2.0
2022,AROOSTOOK,52.9,74.4,63.64,0.51,3.0
2022,AROOSTOOK,53.0,73.7,63.36,0.9,3.0
2022,AROOSTOOK,53.4,75.1,64.29,1.42,1.0
2022,PENOBSCOT,54.6,77.3,65.93,0.37,1.0
2022,PISCATAQUIS,45.0,76.3,60.64,0.33,2.0
2022,FRANKLIN,49.9,74.9,62.36,0.46,2.0
2022,KENNEBEC,57.4,79.9,68.64,0.93,2.0
2022,PENOBSCOT,55.3,78.9,67.07,0.18,2.0
2022,PISCATAQUIS,51.6,78.3,64.93,0.78,2.0
2022,SOMERSET,51.5,84.6,69.1,0.73,2.0
2022,WASHINGTON,75.9,2.0,54.7,1.76,1.76
2022,ANDROSCOGGIN,53.9,78.4,66.14,0.65,2.0
2022,WASHINGTON,63.9,82.9,73.36,0.36,1.0
2022,ANDROSCOGGIN,53.3,79.0,66.14,0.86,2.0
2022,HANCOCK,52.9,75.7,64.29,0.13,1.0
2022,YORK,50.7,77.0,63.86,1.1,1.0
2022,CUMBERLAND,55.9,76.9,66.36,1.15,1.0
2022,AROOSTOOK,47.0,75.9,61.43,0.08,2.0
2022,PENOBSCOT,51.6,75.7,63.64,0.5,2.0
2022,FRANKLIN,50.6,70.9,60.71,0.37,3.0
2022,KENNEBEC,56.7,75.1,65.93,1.2,1.0
2022,PENOBSCOT,53.3,75.7,64.5,0.83,2.0
2022,PISCATAQUIS,50.7,73.9,62.29,0.7,2.0
2022,SOMERSET,50.3,76.7,63.5,1.24,3.0
2022,WASHINGTON,72.9,2.0,53.6,1.94,0.46
2022,ANDROSCOGGIN,53.3,72.6,62.93,1.55,4.0
2022,WASHINGTON,60.2,73.8,67.0,0.33,1.0
2022,ANDROSCOGGIN,52.4,74.6,63.5,1.53,3.0
2022,HANCOCK,52.6,75.0,63.79,1.04,1.0
2022,YORK,50.7,69.9,60.29,1.62,3.0
2022,CUMBERLAND,56.3,72.6,64.43,1.39,2.0
2022,AROOSTOOK,48.7,67.9,58.29,0.53,2.0
2022,AROOSTOOK,48.7,66.3,57.5,0.19,1.0
2022,AROOSTOOK,48.7,68.7,58.71,1.15,3.0
2022,PENOBSCOT,52.0,68.3,60.14,1.01,2.0
2022,PISCATAQUIS,51.6,70.2,60.9,0.26,1.0
2022,FRANKLIN,46.8,69.6,58.2,0.16,2.0
2022,KENNEBEC,55.6,73.0,64.29,0.31,3.0
2022,PENOBSCOT,52.3,70.4,61.36,0.26,2.0
2022,PISCATAQUIS,48.1,72.3,60.21,0.33,2.0
2022,SOMERSET,46.9,74.9,60.86,0.08,1.0
2022,WASHINGTON,70.9,2.0,51.9,2.71,0.34
2022,ANDROSCOGGIN,52.9,71.7,62.29,0.45,1.0
2022,WASHINGTON,63.7,78.5,71.08,0.06,1.0
2022,ANDROSCOGGIN,50.4,74.6,62.5,0.1,1.0
2022,HANCOCK,49.5,71.2,60.33,0.07,3.0
2022,YORK,47.9,71.1,59.5,0.48,1.0
2022,CUMBERLAND,52.9,72.7,62.79,0.43,2.0
2022,AROOSTOOK,43.7,59.4,51.57,1.13,3.0
2022,AROOSTOOK,42.3,58.3,50.29,0.95,4.0
2022,AROOSTOOK,44.9,60.6,52.71,2.45,5.0
2022,PENOBSCOT,45.6,61.7,53.64,2.64,4.0
2022,PISCATAQUIS,46.0,55.2,50.6,2.62,5.0
2022,FRANKLIN,43.7,55.9,49.79,4.22,5.0
2022,KENNEBEC,48.6,63.1,55.86,2.27,3.0
2022,PENOBSCOT,48.3,62.9,55.57,3.48,4.0
2022,PISCATAQUIS,45.3,58.3,51.79,3.07,5.0
2022,SOMERSET,46.7,60.5,53.58,3.08,5.0
2022,WASHINGTON,58.1,2.0,44.9,-4.3,4.12
2022,ANDROSCOGGIN,47.1,61.3,54.21,3.49,5.0
2022,WASHINGTON,52.0,65.6,58.79,4.56,5.0
2022,ANDROSCOGGIN,47.1,63.3,55.21,3.2,5.0
2022,HANCOCK,48.3,61.8,55.08,3.82,4.0
2022,YORK,45.4,62.0,53.71,2.76,4.0
2022,CUMBERLAND,47.4,62.9,55.14,2.29,4.0
2022,AROOSTOOK,40.3,61.9,51.07,0.18,1.0
2022,AROOSTOOK,40.7,59.7,50.21,1.05,3.0
2022,AROOSTOOK,39.1,63.6,51.36,0.42,2.0
2022,PENOBSCOT,41.6,65.3,53.43,0.1,1.0
2022,PISCATAQUIS,40.2,63.4,51.8,0.37,2.0
2022,FRANKLIN,39.7,62.4,51.07,0.49,4.0
2022,KENNEBEC,45.3,66.4,55.86,0.08,1.0
2022,PENOBSCOT,42.7,66.0,54.36,0.08,1.0
2022,PISCATAQUIS,38.7,66.9,52.79,0.41,3.0
2022,SOMERSET,37.4,70.2,54.33,0.65,2.0
2022,WASHINGTON,63.6,2.0,43.9,0.81,1.24
2022,ANDROSCOGGIN,42.9,66.4,54.64,0.64,3.0
2022,WASHINGTON,52.6,70.6,61.6,0.29,2.0
2022,ANDROSCOGGIN,40.1,68.1,54.14,0.26,2.0
2022,HANCOCK,45.0,66.7,55.83,0.16,2.0
2022,YORK,38.9,63.4,51.14,0.1,2.0
2022,CUMBERLAND,44.6,64.4,54.5,0.09,1.0
2022,AROOSTOOK,32.9,62.0,47.43,0.14,2.0
2022,AROOSTOOK,35.7,59.4,47.57,0.39,3.0
2022,AROOSTOOK,31.1,62.4,46.79,0.03,1.0
2022,PENOBSCOT,33.9,63.0,48.43,0.18,2.0
2022,PISCATAQUIS,33.1,62.3,47.71,0.0,0.0
2022,KENNEBEC,40.4,64.0,52.21,0.24,2.0
2022,PISCATAQUIS,31.3,63.9,47.57,0.01,1.0
2022,SOMERSET,32.4,66.9,49.64,0.02,1.0
2022,WASHINGTON,61.2,2.0,39.0,-0.15,0.0
2022,ANDROSCOGGIN,38.3,62.7,50.5,0.02,1.0
2022,WASHINGTON,47.8,64.2,56.0,0.0,0.0
2022,ANDROSCOGGIN,38.3,64.3,51.29,0.22,1.0
2022,HANCOCK,36.9,62.9,49.86,0.01,1.0
2022,YORK,36.4,59.7,48.07,0.28,1.0
2022,CUMBERLAND,41.9,62.0,51.93,0.16,1.0
2022,AROOSTOOK,40.7,62.1,51.43,1.79,2.0
2022,AROOSTOOK,42.1,59.7,50.93,2.03,2.0
2022,AROOSTOOK,39.9,63.4,51.64,0.64,2.0
2022,PENOBSCOT,40.6,62.9,51.71,3.32,2.0
2022,PISCATAQUIS,33.8,59.2,46.5,0.49,2.0
2022,FRANKLIN,33.9,59.3,46.57,2.85,3.0
2022,KENNEBEC,44.7,63.1,53.93,3.36,3.0
2022,PENOBSCOT,41.3,63.4,52.36,5.0,2.0
2022,PISCATAQUIS,33.0,61.7,47.36,3.2,3.0
2022,SOMERSET,36.1,63.6,49.86,4.07,5.0
2022,WASHINGTON,61.4,2.0,40.9,3.7,1.32
2022,ANDROSCOGGIN,39.7,61.6,50.64,2.83,3.0
2022,WASHINGTON,44.4,65.0,54.7,1.14,3.0
2022,ANDROSCOGGIN,39.3,62.7,51.0,3.3,3.0
2022,HANCOCK,40.9,61.6,51.21,1.58,4.0
2022,YORK,36.9,60.4,48.64,3.58,3.0
2022,CUMBERLAND,42.3,61.1,51.71,3.32,3.0
2022,AROOSTOOK,40.4,62.0,51.21,1.83,2.0
2022,AROOSTOOK,41.4,60.0,50.71,1.52,2.0
2022,AROOSTOOK,39.7,62.4,51.07,1.11,2.0
2022,PENOBSCOT,39.3,62.0,50.64,2.44,3.0
2022,PISCATAQUIS,36.2,60.2,48.2,1.64,2.0
2022,FRANKLIN,33.9,58.4,46.14,0.61,2.0
2022,KENNEBEC,41.9,60.6,51.21,1.64,3.0
2022,PENOBSCOT,41.0,62.0,51.5,2.04,3.0
2022,PISCATAQUIS,37.3,62.2,49.75,1.87,2.0
2022,SOMERSET,35.6,63.4,49.5,2.97,2.0
2022,WASHINGTON,60.7,2.0,40.7,5.83,1.55
2022,ANDROSCOGGIN,37.6,59.6,48.57,1.15,2.0
2022,WASHINGTON,49.5,64.0,56.75,1.12,2.0
2022,ANDROSCOGGIN,36.9,61.4,49.14,2.78,2.0
2022,HANCOCK,41.7,60.3,51.0,1.97,3.0
2022,YORK,31.7,58.6,45.14,1.3,2.0
2022,CUMBERLAND,40.0,59.7,49.86,2.78,3.0
2022,AROOSTOOK,40.3,60.7,50.5,0.7,3.0
2022,AROOSTOOK,42.0,58.4,50.21,0.96,3.0
2022,AROOSTOOK,39.3,61.4,50.36,0.87,2.0
2022,PENOBSCOT,41.0,61.6,51.29,1.77,3.0
2022,PISCATAQUIS,39.3,67.3,53.33,0.71,1.0
2022,FRANKLIN,40.0,60.8,50.42,0.23,3.0
2022,KENNEBEC,43.6,62.3,52.93,1.92,3.0
2022,PENOBSCOT,43.1,63.3,53.21,1.83,3.0
2022,PISCATAQUIS,39.4,61.3,50.36,1.06,3.0
2022,SOMERSET,39.4,63.6,51.5,0.81,4.0
2022,WASHINGTON,60.9,2.0,42.9,9.49,1.59
2022,ANDROSCOGGIN,41.7,59.9,50.79,1.3,4.0
2022,WASHINGTON,49.3,62.8,56.08,1.58,3.0
2022,ANDROSCOGGIN,41.9,61.0,51.43,2.35,4.0
2022,HANCOCK,44.2,60.8,52.5,2.21,4.0
2022,YORK,39.1,59.4,49.29,0.78,4.0
2022,CUMBERLAND,42.9,59.9,51.36,1.57,3.0
2022,AROOSTOOK,39.9,63.7,51.79,0.2,1.0
2022,AROOSTOOK,42.7,63.0,52.86,0.06,1.0
2022,AROOSTOOK,41.3,64.1,52.71,0.19,1.0
2022,PENOBSCOT,39.9,65.7,52.79,0.04,1.0
2022,PISCATAQUIS,31.2,62.0,46.58,0.0,0.0
2022,FRANKLIN,32.4,64.1,48.29,0.0,0.0
2022,PENOBSCOT,42.7,67.0,54.86,0.01,1.0
2022,PISCATAQUIS,32.0,65.7,48.86,0.0,0.0
2022,SOMERSET,31.7,69.3,50.5,0.0,0.0
2022,WASHINGTON,63.1,2.0,41.6,12.53,0.0
2022,ANDROSCOGGIN,39.0,66.7,52.86,0.0,0.0
2022,WASHINGTON,47.7,64.3,56.0,0.0,0.0
2022,ANDROSCOGGIN,35.7,66.6,51.14,0.01,1.0
2022,HANCOCK,39.5,63.2,51.33,0.01,1.0
2022,YORK,33.1,64.9,49.0,0.03,2.0
2022,AROOSTOOK,36.1,48.9,42.5,2.57,5.0
2022,AROOSTOOK,34.0,45.0,39.5,1.73,5.0
2022,AROOSTOOK,36.7,54.7,45.71,3.14,5.0
2022,PENOBSCOT,37.6,56.9,47.21,2.74,4.0
2022,PISCATAQUIS,37.4,59.4,48.43,2.27,3.0
2022,FRANKLIN,35.4,58.6,47.0,1.74,3.0
2022,KENNEBEC,41.0,61.7,51.36,2.1,4.0
2022,PENOBSCOT,40.1,58.7,49.43,2.69,4.0
2022,PISCATAQUIS,37.1,61.7,49.43,2.22,3.0
2022,SOMERSET,36.3,63.3,49.79,2.09,3.0
2022,WASHINGTON,60.0,2.0,39.1,12.36,2.2
2022,ANDROSCOGGIN,39.7,63.1,51.43,1.97,3.0
2022,WASHINGTON,41.8,58.8,50.25,0.05,1.0
2022,ANDROSCOGGIN,38.6,63.1,50.86,1.39,3.0
2022,HANCOCK,39.6,56.7,48.14,2.62,3.0
2022,YORK,36.9,63.4,50.14,1.23,3.0
2022,CUMBERLAND,40.6,62.0,51.29,1.91,4.0
2022,AROOSTOOK,20.0,29.4,24.71,1.04,4.0
2022,AROOSTOOK,19.6,27.7,23.64,0.59,4.0
2022,AROOSTOOK,22.1,31.9,27.0,0.62,3.0
2022,PENOBSCOT,23.9,33.7,28.79,0.61,3.0
2022,PISCATAQUIS,20.9,36.3,28.57,1.19,4.0
2022,FRANKLIN,20.6,37.2,28.9,0.88,2.0
2022,KENNEBEC,26.4,38.7,32.57,0.24,1.0
2022,PENOBSCOT,25.6,41.0,33.29,0.28,1.0
2022,PISCATAQUIS,21.1,36.1,28.64,1.23,2.0
2022,SOMERSET,20.7,39.6,30.14,0.98,2.0
2022,WASHINGTON,34.6,2.0,23.3,-5.57,1.52
2022,ANDROSCOGGIN,23.3,38.9,31.07,0.8,4.0
2022,WASHINGTON,29.0,39.2,34.08,0.86,2.0
2022,ANDROSCOGGIN,24.4,41.0,32.71,1.05,3.0
2022,HANCOCK,25.2,39.8,32.5,0.45,1.0
2022,YORK,22.1,39.1,30.64,1.33,3.0
2022,CUMBERLAND,26.1,41.4,33.79,1.32,2.0
2022,AROOSTOOK,16.6,31.9,24.21,0.4,2.0
2022,AROOSTOOK,17.6,29.1,23.36,0.19,1.0
2022,AROOSTOOK,17.1,36.0,26.57,0.38,2.0
2022,PENOBSCOT,20.3,36.6,28.43,0.36,2.0
2022,FRANKLIN,15.9,33.1,24.5,0.12,2.0
2022,KENNEBEC,25.6,42.3,33.93,0.68,2.0
2022,PENOBSCOT,21.6,41.3,31.43,0.64,2.0
2022,PISCATAQUIS,16.7,35.7,26.21,0.19,2.0
2022,SOMERSET,15.9,38.9,27.36,0.15,1.0
2022,WASHINGTON,35.0,2.0,18.7,-4.87,0.26
2022,ANDROSCOGGIN,19.6,39.6,29.57,0.05,1.0
2022,WASHINGTON,27.1,40.1,33.64,0.9,1.0
2022,ANDROSCOGGIN,20.4,39.9,30.14,0.1,1.0
2022,HANCOCK,20.8,40.7,30.75,0.13,1.0
2022,YORK,19.4,39.7,29.57,0.02,1.0
2022,CUMBERLAND,25.1,45.7,35.43,0.96,2.0
